Sample	contig	length	mean_depth_long	sd_depth_long	q25_depth_long	q75_depth_long	plasmid_copy_number_long	circularity	PLSDB_hit	NUCCORE_ACC	mash_distance	mash_pval	mash_matching_hashes	NUCCORE_UID	NUCCORE_Description	NUCCORE_CreateDate	NUCCORE_Topology	NUCCORE_Completeness	NUCCORE_TaxonID	NUCCORE_Genome	NUCCORE_Length	NUCCORE_DuplicatedEntry	NUCCORE_Source	NUCCORE_BiosampleID	BIOSAMPLE_UID	BIOSAMPLE_ACC	BIOSAMPLE_Location	BIOSAMPLE_Coordinates	BIOSAMPLE_IsolationSource	BIOSAMPLE_Host	BIOSAMPLE_CollectionDate	BIOSAMPLE_HostDisease	BIOSAMPLE_SampleType	ASSEMBLY_UID	ASSEMBLY_ACC	ASSEMBLY_Status	ASSEMBLY_coverage	ASSEMBLY_SeqReleaseDate	ASSEMBLY_SubmissionDate	ASSEMBLY_Lastest	ASSEMBLY_BiosampleID	TAXONOMY_superkingdom	TAXONOMY_phylum	TAXONOMY_class	TAXONOMY_order	TAXONOMY_family	TAXONOMY_genus	TAXONOMY_species	TAXONOMY_strain	TAXONOMY_UID	TAXONOMY_taxon_rank	TAXONOMY_taxon_name	TAXONOMY_taxon_lineage	TAXONOMY_superkingdom_id	TAXONOMY_phylum_id	TAXONOMY_class_id	TAXONOMY_order_id	TAXONOMY_family_id	TAXONOMY_genus_id	TAXONOMY_species_id	TAXONOMY_strain_id	has_biosample	has_assembly	has_location	rMLST_hits	rMLST_hitscount	inclusions	NUCCORE_GC	Length	BIOSAMPLE_Host_processed	BIOSAMPLE_Host_processed_source	BIOSAMPLE_Host_label	BIOSAMPLE_HostDisease_processed	loc_lat	loc_lng	loc_parsed	D1	D2	plasmidfinder	pmlst
11813_EXE_13_2025_H_PBC74148	chromosome	3211347	68.69	35.66	41	92	1.0	circular																																																																								
11813_EXE_13_2025_H_PBC74148	1	808875	47.94	24.38	29	62	0.7	not_circular																																																																								
11813_EXE_13_2025_H_PBC74148	2	120595	45.99	19.81	36	48	0.67	not_circular																																																																								
11813_EXE_13_2025_H_PBC74148	3	73875	68.73	19.46	52	87	1.0	circular																																																																								
11813_EXE_13_2025_H_PBC74148	4	69892	43.08	14.49	31	54	0.63	not_circular																																																																								
11813_EXE_13_2025_H_PBC74148	5	53602	54.63	14.34	44	67	0.8	not_circular																																																																								
11813_EXE_13_2025_H_PBC74148	6	37167	29.72	11.15	20	40	0.43	not_circular																																																																								
11813_EXE_13_2025_H_PBC74148	7	4599	32.93	4.78	29	37	0.48	not_circular																																																																								
11813_EXE_13_2025_H_PBC74148	8	1989	45.81	2.95	43	49	0.67	not_circular																																																																								
11813_EXE_13_2025_H_PBC74148	9	1508	42.41	0.9	42	43	0.62	not_circular																																																																								
11813_EXE_13_2025_H_PBC74148	10	1210	26.6	6.77	18	33	0.39	not_circular																																																																								
11813_EXE_13_2025_H_PBC74148	13	357	32.85	0.38	33	33	0.48	not_circular																																																																								
11813_EXE_13_2025_H_PBC74148	17	158	32.96	0.24	33	33	0.48	not_circular																																																																								
11813_EXE_22_2025_T1A_PBC74148	chromosome	3353935	54.76	10.28	47	63	1.0	circular																																																																								
11813_EXE_22_2025_T1A_PBC74148	1	1792572	49.61	7.09	44	54	0.91	circular																																																																								
11813_EXE_22_2025_T1A_PBC74148	2	138561	46.2	7.79	39	54	0.84	circular	Yes	NZ_CP071844.1	0.0224927	0.0	453/1000	2256174026.0	Vibrio sp. SCSIO 43009 plasmid unnamed, complete sequence	2022-06-19	circular	complete	2819103.0	plasmid	135905.0	CP071844.1	RefSeq	SAMN18309766	18309766.0	SAMN18309766	China: Hainan Island	18.24 N 109.36 E		Galaxea fascicularis	2017-08-01			12984841.0	GCF_023716525.1	Complete Genome	100.0	2022-06-14	2022-06-14	True	SAMN18309766	Bacteria	Pseudomonadota	Gammaproteobacteria	Vibrionales	Vibrionaceae	Vibrio	Vibrio_sp._SCSIO_43009		2819103.0	species	['Bacteria', 'Pseudomonadota', 'Gammaproteobacteria', 'Vibrionales', 'Vibrionaceae', 'Vibrio', 'Vibrio sp. SCSIO 43009', '']	Bacteria;Pseudomonadota;Gammaproteobacteria;Vibrionales;Vibrionaceae;Vibrio;Vibrio_sp._SCSIO_43009;	2.0	1224.0	1236.0	135623.0	641.0	662.0	2819103.0		True	True	True		0.0		0.442875538059674	135905.0	Galaxea fascicularis	BIOSAMPLE_Host	Galaxea fascicularis		18.24	109.36		-10.502206	-3.1880584		
11813_EXE_33_2024_C_PBC74148	chromosome	3389647	18.9	4.67	16	22	1.0	circular																																																																								
11813_EXE_33_2024_C_PBC74148	1	338277	17.45	3.87	15	20	0.92	not_circular																																																																								
11813_EXE_33_2024_C_PBC74148	2	309606	17.72	4.64	14	21	0.94	not_circular																																																																								
11813_EXE_33_2024_C_PBC74148	3	283871	18.5	3.84	16	21	0.98	not_circular																																																																								
11813_EXE_33_2024_C_PBC74148	4	217010	16.7	3.35	14	19	0.88	not_circular																																																																								
11813_EXE_33_2024_C_PBC74148	5	189243	19.12	4.38	16	22	1.01	not_circular																																																																								
11813_EXE_33_2024_C_PBC74148	6	158532	18.15	5.25	15	22	0.96	not_circular																																																																								
11813_EXE_33_2024_C_PBC74148	7	120559	20.86	2.91	19	23	1.1	not_circular																																																																								
11813_EXE_33_2024_C_PBC74148	8	117475	18.24	4.09	15	20	0.97	not_circular																																																																								
11813_EXE_33_2024_C_PBC74148	9	63594	21.09	5.79	16	25	1.12	not_circular																																																																								
11813_EXE_33_2024_C_PBC74148	10	4421	17.67	1.39	16	19	0.93	not_circular																																																																								
11813_EXE_33_2024_C_PBC74148	11	442	13.15	0.39	13	13	0.7	not_circular																																																																								
11813_EXE_33_2024_C_PBC74148	12	155	31.93	0.26	32	32	1.69	not_circular																																																																								
11813_EXE_33_2024_C_PBC74148	13	137	28.86	0.35	29	29	1.53	not_circular																																																																								
11813_EXE_06_2024_E_PBC74148	chromosome	3352516	56.23	18.39	43	69	1.0	circular																																																																								
11813_EXE_06_2024_E_PBC74148	1	1865923	47.81	16.58	36	59	0.85	circular																																																																								
11813_EXE_34_2024_C_PBC74148	chromosome	3375298	19.25	4.73	16	22	1.0	circular																																																																								
11813_EXE_34_2024_C_PBC74148	1	1182313	18.03	4.66	15	21	0.94	not_circular																																																																								
11813_EXE_34_2024_C_PBC74148	2	274944	20.12	5.16	16	24	1.05	not_circular																																																																								
11813_EXE_34_2024_C_PBC74148	3	176076	18.48	3.9	16	21	0.96	not_circular																																																																								
11813_EXE_34_2024_C_PBC74148	4	94467	22.19	3.75	19	25	1.15	not_circular																																																																								
11813_EXE_34_2024_C_PBC74148	5	73245	19.04	3.59	17	22	0.99	not_circular																																																																								
11813_EXE_34_2024_C_PBC74148	6	16525	19.82	2.95	18	22	1.03	not_circular																																																																								
11813_EXE_34_2024_P_PBC74148	chromosome	3267387	60.55	39.78	30	84	1.0	circular																																																																								
11813_EXE_34_2024_P_PBC74148	1	443928	41.33	27.96	24	53	0.68	not_circular																																																																								
11813_EXE_34_2024_P_PBC74148	2	386974	52.41	29.74	26	81	0.87	not_circular																																																																								
11813_EXE_34_2024_P_PBC74148	3	214292	59.26	30.34	36	78	0.98	not_circular																																																																								
11813_EXE_34_2024_P_PBC74148	4	154499	46.01	31.92	17	67	0.76	not_circular																																																																								
11813_EXE_34_2024_P_PBC74148	5	116706	45.71	22.46	27	58	0.75	not_circular																																																																								
11813_EXE_34_2024_P_PBC74148	6	105576	43.48	11.85	33	54	0.72	not_circular																																																																								
11813_EXE_34_2024_P_PBC74148	7	56218	47.43	10.34	40	57	0.78	not_circular																																																																								
11813_EXE_34_2024_P_PBC74148	8	55559	18.33	6.49	14	22	0.3	not_circular																																																																								
11813_EXE_34_2024_P_PBC74148	9	44604	43.62	2.77	43	45	0.72	not_circular																																																																								
11813_EXE_34_2024_P_PBC74148	10	27547	99.45	25.48	78	116	1.64	not_circular																																																																								
11813_EXE_34_2024_P_PBC74148	11	4646	30.23	6.74	23	37	0.5	not_circular																																																																								
11813_EXE_34_2024_P_PBC74148	14	266	48.09	0.87	48	49	0.79	not_circular																																																																								
11813_EXE_13_2025_P_PBC74148	chromosome	3681781	51.29	27.31	30	71	1.0	circular																																																																								
11813_EXE_13_2025_P_PBC74148	1	1781865	36.34	19.34	22	49	0.71	not_circular																																																																								
11813_EXE_13_2025_P_PBC74148	2	281217	43.31	14.79	32	53	0.84	not_circular																																																																								
11813_EXE_13_2025_P_PBC74148	3	79096	33.1	8.98	26	42	0.65	not_circular																																																																								
11813_EXE_13_2025_P_PBC74148	4	79078	48.3	26.19	21	75	0.94	circular																																																																								
11813_EXE_13_2025_P_PBC74148	5	57772	44.68	7.05	39	50	0.87	not_circular																																																																								
11813_EXE_13_2025_P_PBC74148	6	34378	39.57	11.29	30	50	0.77	not_circular																																																																								
11813_EXE_13_2025_P_PBC74148	7	34316	33.86	3.97	31	36	0.66	not_circular																																																																								
11813_EXE_13_2025_P_PBC74148	8	13639	33.28	1.93	32	34	0.65	not_circular																																																																								
11813_EXE_13_2025_P_PBC74148	10	2952	40.94	2.36	39	43	0.8	not_circular																																																																								
11813_EXE_33_2024_F_PBC74148	chromosome	3267360	60.49	23.8	42	77	1.0	circular																																																																								
11813_EXE_33_2024_F_PBC74148	1	902223	40.12	15.83	28	50	0.66	not_circular																																																																								
11813_EXE_33_2024_F_PBC74148	2	395773	55.27	20.13	42	69	0.91	not_circular																																																																								
11813_EXE_33_2024_F_PBC74148	3	224309	51.03	17.72	33	66	0.84	not_circular																																																																								
11813_EXE_33_2024_F_PBC74148	4	103852	52.1	14.82	41	66	0.86	not_circular																																																																								
11813_EXE_33_2024_F_PBC74148	5	46238	58.83	6.17	55	64	0.97	not_circular																																																																								
11813_EXE_33_2024_F_PBC74148	6	46124	51.01	5.69	50	55	0.84	not_circular																																																																								
11813_EXE_33_2024_F_PBC74148	7	16890	33.66	4.65	30	37	0.56	not_circular																																																																								
11813_EXE_33_2024_F_PBC74148	9	677	41.68	0.51	41	42	0.69	not_circular																																																																								
11813_EXE_27_2025_D_PBC74148	chromosome	3368964	59.95	31.16	35	79	1.0	circular																																																																								
11813_EXE_27_2025_D_PBC74148	1	1036026	39.82	21.52	22	54	0.66	not_circular																																																																								
11813_EXE_27_2025_D_PBC74148	2	351809	41.08	18.17	31	54	0.69	not_circular																																																																								
11813_EXE_27_2025_D_PBC74148	3	332174	49.05	22.5	35	61	0.82	not_circular																																																																								
11813_EXE_27_2025_D_PBC74148	4	96517	38.38	17.8	20	55	0.64	not_circular																																																																								
11813_EXE_27_2025_D_PBC74148	5	9114	44.62	1.52	43	46	0.74	not_circular																																																																								
11813_EXE_01_2024_7_PBC74148	chromosome	3319412	56.49	16.11	45	68	1.0	circular																																																																								
11813_EXE_01_2024_7_PBC74148	1	982515	42.59	12.11	34	52	0.75	not_circular																																																																								
11813_EXE_01_2024_7_PBC74148	2	146814	46.48	10.43	40	53	0.82	not_circular																																																																								
11813_EXE_01_2024_7_PBC74148	3	132737	47.33	10.06	40	53	0.84	not_circular																																																																								
11813_EXE_01_2024_7_PBC74148	4	131437	39.98	14.02	29	53	0.71	circular																																																																								
11813_EXE_01_2024_7_PBC74148	5	91593	44.35	17.57	28	60	0.79	not_circular																																																																								
11813_EXE_01_2024_7_PBC74148	6	79997	63.78	14.59	51	78	1.13	not_circular																																																																								
11813_EXE_01_2024_7_PBC74148	7	75705	37.08	11.44	28	47	0.66	not_circular																																																																								
11813_EXE_01_2024_7_PBC74148	8	62842	59.67	11.0	52	72	1.06	not_circular																																																																								
11813_EXE_01_2024_7_PBC74148	9	49658	62.27	6.02	57	67	1.1	not_circular																																																																								
11813_EXE_01_2024_7_PBC74148	10	40226	44.18	5.33	40	48	0.78	not_circular																																																																								
11813_EXE_01_2024_7_PBC74148	11	34995	28.59	17.6	14	45	0.51	not_circular																																																																								
11813_EXE_01_2024_7_PBC74148	12	33592	57.26	6.51	53	63	1.01	not_circular																																																																								
11813_EXE_01_2024_7_PBC74148	13	18468	58.56	3.18	56	61	1.04	not_circular																																																																								
11813_EXE_01_2024_7_PBC74148	14	17167	61.54	2.33	60	62	1.09	not_circular																																																																								
11813_EXE_01_2024_7_PBC74148	15	13252	57.94	3.41	57	60	1.03	not_circular																																																																								
11813_EXE_01_2024_7_PBC74148	16	12061	63.39	1.99	62	65	1.12	not_circular																																																																								
11813_EXE_01_2024_7_PBC74148	17	10014	63.69	1.86	62	65	1.13	not_circular																																																																								
11813_EXE_01_2024_7_PBC74148	18	9145	39.25	2.22	38	41	0.69	not_circular																																																																								
11813_EXE_01_2024_7_PBC74148	19	8536	64.52	1.85	63	66	1.14	not_circular																																																																								
11813_EXE_01_2024_7_PBC74148	20	7841	60.79	1.47	60	62	1.08	not_circular																																																																								
11813_EXE_01_2024_7_PBC74148	21	7532	49.3	4.94	46	50	0.87	not_circular																																																																								
11813_EXE_01_2024_7_PBC74148	22	6718	63.73	1.84	62	65	1.13	not_circular																																																																								
11813_EXE_01_2024_7_PBC74148	23	3808	44.44	1.19	44	45	0.79	not_circular																																																																								
11813_EXE_01_2024_7_PBC74148	24	998	64.32	0.82	64	65	1.14	not_circular																																																																								
11813_EXE_01_2024_7_PBC74148	25	148	103.49	0.85	103	104	1.83	not_circular																																																																								
11813_EXE_01_2024_7_PBC74148	26	119	51.9	0.3	52	52	0.92	not_circular																																																																								
11813_EXE_21_2025_F_PBC74148	chromosome	3351838	56.33	16.63	45	68	1.0	circular																																																																								
11813_EXE_21_2025_F_PBC74148	1	573111	40.06	12.18	32	49	0.71	not_circular																																																																								
11813_EXE_21_2025_F_PBC74148	2	403563	44.14	16.03	30	57	0.78	not_circular																																																																								
11813_EXE_21_2025_F_PBC74148	3	140031	47.29	9.61	39	55	0.84	not_circular																																																																								
11813_EXE_21_2025_F_PBC74148	4	125367	39.55	12.1	26	49	0.7	not_circular																																																																								
11813_EXE_21_2025_F_PBC74148	5	120490	37.29	7.51	32	42	0.66	not_circular																																																																								
11813_EXE_21_2025_F_PBC74148	6	111885	45.96	8.83	40	52	0.82	not_circular																																																																								
11813_EXE_21_2025_F_PBC74148	7	97562	61.78	9.1	54	72	1.1	not_circular																																																																								
11813_EXE_21_2025_F_PBC74148	8	67548	43.49	6.13	40	46	0.77	not_circular																																																																								
11813_EXE_21_2025_F_PBC74148	9	65821	48.96	8.39	42	58	0.87	not_circular																																																																								
11813_EXE_21_2025_F_PBC74148	10	60078	78.95	25.45	68	87	1.4	not_circular																																																																								
11813_EXE_21_2025_F_PBC74148	11	55548	58.95	4.07	55	63	1.05	not_circular																																																																								
11813_EXE_21_2025_F_PBC74148	12	42478	46.45	6.67	41	51	0.82	not_circular																																																																								
11813_EXE_21_2025_F_PBC74148	13	23452	33.14	4.37	29	37	0.59	not_circular																																																																								
11813_EXE_21_2025_F_PBC74148	14	18589	57.63	1.72	57	59	1.02	not_circular																																																																								
11813_EXE_21_2025_F_PBC74148	15	13252	50.55	2.23	49	53	0.9	not_circular																																																																								
11813_EXE_21_2025_F_PBC74148	16	11858	41.14	2.13	40	43	0.73	not_circular																																																																								
11813_EXE_21_2025_F_PBC74148	17	11172	62.31	3.78	59	66	1.11	not_circular																																																																								
11813_EXE_21_2025_F_PBC74148	18	9145	50.86	0.97	50	52	0.9	not_circular																																																																								
11813_EXE_21_2025_F_PBC74148	19	7528	45.8	2.38	43	48	0.81	not_circular																																																																								
11813_EXE_21_2025_F_PBC74148	20	4430	28.73	0.96	28	30	0.51	not_circular																																																																								
11813_EXE_21_2025_F_PBC74148	21	4071	57.19	1.18	56	58	1.02	not_circular																																																																								
11813_EXE_21_2025_F_PBC74148	22	3808	51.3	1.95	49	53	0.91	not_circular																																																																								
11813_EXE_21_2025_F_PBC74148	23	2374	52.28	1.54	51	54	0.93	not_circular																																																																								
11813_EXE_21_2025_F_PBC74148	24	411	67.27	0.58	67	68	1.19	not_circular																																																																								
11813_EXE_21_2025_F_PBC74148	25	264	69.32	1.08	69	70	1.23	not_circular																																																																								
11813_EXE_21_2025_F_PBC74148	26	208	971.85	5.32	972	974	17.25	not_circular																																																																								
11813_EXE_21_2025_F_PBC74148	27	200	104.39	0.55	104	105	1.85	not_circular																																																																								
11813_EXE_21_2025_F_PBC74148	28	194	465.69	191.05	450	567	8.27	not_circular																																																																								
11813_EXE_21_2025_F_PBC74148	29	188	633.39	75.13	641	645	11.24	not_circular																																																																								
11813_EXE_21_2025_F_PBC74148	32	146	54.6	0.68	54	55	0.97	not_circular																																																																								
11813_EXE_21_2025_F_PBC74148	33	130	739.68	2.3	740	741	13.13	not_circular																																																																								
11813_EXE_21_2025_F_PBC74148	35	117	1024.42	144.99	1048	1051	18.19	not_circular																																																																								
11813_EXE_30_2025_L_PBC74148	chromosome	3368906	56.69	31.54	32	77	1.0	circular																																																																								
11813_EXE_30_2025_L_PBC74148	1	635152	44.39	26.91	26	57	0.78	not_circular																																																																								
11813_EXE_30_2025_L_PBC74148	2	396740	41.73	24.23	23	53	0.74	not_circular	Yes	NZ_CP099953.1	0.0862491	0.0	89/1000	2590876743.0	Vibrio alginolyticus strain Isc25B plasmid unnamed, complete sequence	2023-10-08	linear	complete	663.0	plasmid	47762.0	CP099953.1	RefSeq	SAMN29333291	29333291.0	SAMN29333291	Colombia:Narino,Iscuande	2.638889 N 78.089167 W		Anadara tuberculosa	2021-10			19078461.0	GCF_030991385.1	Complete Genome	45.0	2023-08-30	2023-08-30	True	SAMN29333291	Bacteria	Pseudomonadota	Gammaproteobacteria	Vibrionales	Vibrionaceae	Vibrio	Vibrio_alginolyticus		663.0	species	['Bacteria', 'Pseudomonadota', 'Gammaproteobacteria', 'Vibrionales', 'Vibrionaceae', 'Vibrio', 'Vibrio alginolyticus', '']	Bacteria;Pseudomonadota;Gammaproteobacteria;Vibrionales;Vibrionaceae;Vibrio;Vibrio_alginolyticus;	2.0	1224.0	1236.0	135623.0	641.0	662.0	663.0		True	True	True		0.0		0.4388844688245886	47762.0	Anadara tuberculosa	BIOSAMPLE_Host	Anadara tuberculosa		2.638889	-78.089167		-10.3999605	-2.9361706		
11813_EXE_30_2025_L_PBC74148	3	234940	41.66	21.66	24	53	0.73	not_circular																																																																								
11813_EXE_30_2025_L_PBC74148	4	156841	47.25	19.35	35	58	0.83	not_circular																																																																								
11813_EXE_30_2025_L_PBC74148	5	66839	51.92	15.01	38	61	0.92	not_circular																																																																								
11813_EXE_30_2025_L_PBC74148	6	66783	15.61	13.17	5	25	0.28	not_circular																																																																								
11813_EXE_30_2025_L_PBC74148	7	56868	55.22	25.89	37	75	0.97	not_circular																																																																								
11813_EXE_30_2025_L_PBC74148	8	35227	47.06	19.03	29	64	0.83	not_circular																																																																								
11813_EXE_30_2025_L_PBC74148	9	33493	76.26	27.32	50	96	1.35	not_circular																																																																								
11813_EXE_30_2025_L_PBC74148	10	31405	32.53	18.14	19	49	0.57	not_circular																																																																								
11813_EXE_30_2025_L_PBC74148	11	29496	45.76	23.5	22	71	0.81	not_circular																																																																								
11813_EXE_30_2025_L_PBC74148	12	28081	63.57	24.81	36	85	1.12	not_circular																																																																								
11813_EXE_30_2025_L_PBC74148	13	23346	78.64	22.45	58	97	1.39	not_circular																																																																								
11813_EXE_30_2025_L_PBC74148	14	22222	37.5	13.73	27	47	0.66	not_circular																																																																								
11813_EXE_30_2025_L_PBC74148	15	16374	118.49	18.11	103	138	2.09	not_circular																																																																								
11813_EXE_30_2025_L_PBC74148	16	7469	107.96	4.91	104	112	1.9	not_circular																																																																								
11813_EXE_30_2025_L_PBC74148	17	3997	119.34	10.8	112	127	2.11	not_circular																																																																								
11813_EXE_30_2025_L_PBC74148	18	1366	92.14	2.97	90	94	1.63	not_circular																																																																								
11813_EXE_30_2025_L_PBC74148	19	1349	58.34	1.25	57	59	1.03	not_circular																																																																								
11813_EXE_30_2025_L_PBC74148	20	716	50.25	1.22	50	51	0.89	not_circular																																																																								
11813_EXE_09_2024_B_PBC74148	chromosome	3358991	54.47	24.36	36	72	1.0	circular																																																																								
11813_EXE_09_2024_B_PBC74148	1	307719	44.46	23.1	26	62	0.82	not_circular																																																																								
11813_EXE_09_2024_B_PBC74148	2	275361	43.32	20.9	27	58	0.8	not_circular																																																																								
11813_EXE_09_2024_B_PBC74148	3	139920	47.93	20.18	36	57	0.88	not_circular																																																																								
11813_EXE_09_2024_B_PBC74148	4	138127	37.63	23.59	23	52	0.69	circular	Yes	NZ_CP071844.1	0.0230043	0.0	446/1000	2256174026.0	Vibrio sp. SCSIO 43009 plasmid unnamed, complete sequence	2022-06-19	circular	complete	2819103.0	plasmid	135905.0	CP071844.1	RefSeq	SAMN18309766	18309766.0	SAMN18309766	China: Hainan Island	18.24 N 109.36 E		Galaxea fascicularis	2017-08-01			12984841.0	GCF_023716525.1	Complete Genome	100.0	2022-06-14	2022-06-14	True	SAMN18309766	Bacteria	Pseudomonadota	Gammaproteobacteria	Vibrionales	Vibrionaceae	Vibrio	Vibrio_sp._SCSIO_43009		2819103.0	species	['Bacteria', 'Pseudomonadota', 'Gammaproteobacteria', 'Vibrionales', 'Vibrionaceae', 'Vibrio', 'Vibrio sp. SCSIO 43009', '']	Bacteria;Pseudomonadota;Gammaproteobacteria;Vibrionales;Vibrionaceae;Vibrio;Vibrio_sp._SCSIO_43009;	2.0	1224.0	1236.0	135623.0	641.0	662.0	2819103.0		True	True	True		0.0		0.442875538059674	135905.0	Galaxea fascicularis	BIOSAMPLE_Host	Galaxea fascicularis		18.24	109.36		-10.502206	-3.1880584		
11813_EXE_09_2024_B_PBC74148	5	130936	45.3	25.16	28	52	0.83	not_circular																																																																								
11813_EXE_09_2024_B_PBC74148	6	127602	56.29	28.44	33	68	1.03	not_circular																																																																								
11813_EXE_09_2024_B_PBC74148	7	101608	48.4	22.1	31	69	0.89	not_circular																																																																								
11813_EXE_09_2024_B_PBC74148	8	88049	58.97	19.25	42	73	1.08	not_circular																																																																								
11813_EXE_09_2024_B_PBC74148	9	79376	46.65	12.89	36	57	0.86	not_circular																																																																								
11813_EXE_09_2024_B_PBC74148	10	77636	40.42	13.91	32	48	0.74	not_circular																																																																								
11813_EXE_09_2024_B_PBC74148	11	77112	48.71	20.86	34	64	0.89	not_circular																																																																								
11813_EXE_09_2024_B_PBC74148	12	67881	39.57	15.69	28	52	0.73	not_circular																																																																								
11813_EXE_09_2024_B_PBC74148	13	46000	48.37	17.37	32	66	0.89	not_circular																																																																								
11813_EXE_09_2024_B_PBC74148	14	41253	28.12	10.22	20	36	0.52	not_circular																																																																								
11813_EXE_09_2024_B_PBC74148	15	33581	54.77	15.04	44	62	1.01	not_circular																																																																								
11813_EXE_09_2024_B_PBC74148	16	32163	62.32	15.64	51	76	1.14	not_circular																																																																								
11813_EXE_09_2024_B_PBC74148	17	26621	46.19	6.03	42	50	0.85	not_circular																																																																								
11813_EXE_09_2024_B_PBC74148	18	26036	58.93	9.71	50	67	1.08	not_circular																																																																								
11813_EXE_09_2024_B_PBC74148	19	25346	75.58	18.31	57	94	1.39	not_circular																																																																								
11813_EXE_09_2024_B_PBC74148	20	24150	46.66	17.12	31	64	0.86	not_circular																																																																								
11813_EXE_09_2024_B_PBC74148	21	20746	51.54	10.47	41	62	0.95	not_circular																																																																								
11813_EXE_09_2024_B_PBC74148	22	15704	63.93	4.13	61	67	1.17	not_circular																																																																								
11813_EXE_09_2024_B_PBC74148	23	14008	54.09	3.54	52	57	0.99	not_circular																																																																								
11813_EXE_09_2024_B_PBC74148	24	13252	51.27	10.52	40	58	0.94	not_circular																																																																								
11813_EXE_09_2024_B_PBC74148	25	13244	23.04	15.96	6	38	0.42	not_circular																																																																								
11813_EXE_09_2024_B_PBC74148	26	8536	104.75	5.94	105	108	1.92	not_circular																																																																								
11813_EXE_09_2024_B_PBC74148	27	7841	110.22	6.84	104	115	2.02	not_circular																																																																								
11813_EXE_09_2024_B_PBC74148	28	3882	73.46	4.12	71	76	1.35	not_circular																																																																								
11813_EXE_09_2024_B_PBC74148	29	3808	61.24	4.74	57	66	1.12	not_circular																																																																								
11813_EXE_09_2024_B_PBC74148	30	3449	48.24	0.92	48	49	0.89	not_circular																																																																								
11813_EXE_09_2024_B_PBC74148	31	3049	60.21	2.07	59	61	1.11	not_circular																																																																								
11813_EXE_09_2024_B_PBC74148	32	998	63.14	2.29	61	65	1.16	not_circular																																																																								
11813_EXE_29_2025_V_PBC74148	chromosome	3313269	51.84	25.12	32	67	1.0	circular																																																																								
11813_EXE_29_2025_V_PBC74148	1	1815467	39.61	17.96	27	49	0.76	circular																																																																								
11813_EXE_29_2025_V_PBC74148	2	132225	80.94	63.4	34	106	1.56	not_circular	Yes	NZ_CP135970.1	0.0208145	0.0	477/1000	2591439481.0	Vibrio alginolyticus strain S10 plasmid unnamed, complete sequence	2023-10-10	circular	complete	663.0	plasmid	129577.0	CP135970.1	RefSeq	SAMN37503413	37503413.0	SAMN37503413	China: shandong			Apostichopus japonicus	2021-12-25		cell culture	19098571.0	GCF_032463505.1	Complete Genome	12.0	2023-10-08	2023-10-08	True	SAMN37503413	Bacteria	Pseudomonadota	Gammaproteobacteria	Vibrionales	Vibrionaceae	Vibrio	Vibrio_alginolyticus		663.0	species	['Bacteria', 'Pseudomonadota', 'Gammaproteobacteria', 'Vibrionales', 'Vibrionaceae', 'Vibrio', 'Vibrio alginolyticus', '']	Bacteria;Pseudomonadota;Gammaproteobacteria;Vibrionales;Vibrionaceae;Vibrio;Vibrio_alginolyticus;	2.0	1224.0	1236.0	135623.0	641.0	662.0	663.0		True	True	True		0.0		0.4377397223272649	129577.0	Apostichopus japonicus	BIOSAMPLE_Host	Apostichopus japonicus		36.0000001	118.9999999	China,shandong	1.022371	-2.8259		
11813_EXE_30_2024_F_PBC74148	chromosome	3352929	54.72	12.34	46	64	1.0	circular																																																																								
11813_EXE_30_2024_F_PBC74148	1	1100289	43.97	11.66	36	52	0.8	not_circular																																																																								
11813_EXE_30_2024_F_PBC74148	2	131437	57.94	14.55	48	70	1.06	circular	Yes	NZ_CP071844.1	0.0227107	0.0	450/1000	2256174026.0	Vibrio sp. SCSIO 43009 plasmid unnamed, complete sequence	2022-06-19	circular	complete	2819103.0	plasmid	135905.0	CP071844.1	RefSeq	SAMN18309766	18309766.0	SAMN18309766	China: Hainan Island	18.24 N 109.36 E		Galaxea fascicularis	2017-08-01			12984841.0	GCF_023716525.1	Complete Genome	100.0	2022-06-14	2022-06-14	True	SAMN18309766	Bacteria	Pseudomonadota	Gammaproteobacteria	Vibrionales	Vibrionaceae	Vibrio	Vibrio_sp._SCSIO_43009		2819103.0	species	['Bacteria', 'Pseudomonadota', 'Gammaproteobacteria', 'Vibrionales', 'Vibrionaceae', 'Vibrio', 'Vibrio sp. SCSIO 43009', '']	Bacteria;Pseudomonadota;Gammaproteobacteria;Vibrionales;Vibrionaceae;Vibrio;Vibrio_sp._SCSIO_43009;	2.0	1224.0	1236.0	135623.0	641.0	662.0	2819103.0		True	True	True		0.0		0.442875538059674	135905.0	Galaxea fascicularis	BIOSAMPLE_Host	Galaxea fascicularis		18.24	109.36		-10.502206	-3.1880584		
11813_EXE_30_2024_F_PBC74148	3	101588	48.94	11.91	39	61	0.89	not_circular																																																																								
11813_EXE_30_2024_F_PBC74148	4	101569	45.97	12.78	34	58	0.84	not_circular																																																																								
11813_EXE_30_2024_F_PBC74148	5	100897	45.85	12.17	36	55	0.84	not_circular																																																																								
11813_EXE_30_2024_F_PBC74148	6	97562	58.79	7.0	53	64	1.07	not_circular																																																																								
11813_EXE_30_2024_F_PBC74148	7	90062	53.72	6.37	48	59	0.98	not_circular																																																																								
11813_EXE_30_2024_F_PBC74148	8	79373	40.7	3.5	39	43	0.74	not_circular																																																																								
11813_EXE_30_2024_F_PBC74148	9	36635	72.93	5.58	69	77	1.33	not_circular																																																																								
11813_EXE_30_2024_F_PBC74148	10	30033	61.16	11.09	53	73	1.12	not_circular																																																																								
11813_EXE_30_2024_F_PBC74148	11	26697	53.44	5.97	48	60	0.98	not_circular																																																																								
11813_EXE_30_2024_F_PBC74148	12	24478	61.21	8.12	53	68	1.12	not_circular																																																																								
11813_EXE_30_2024_F_PBC74148	13	18205	53.72	5.32	50	57	0.98	not_circular																																																																								
11813_EXE_30_2024_F_PBC74148	14	13252	73.44	1.98	72	75	1.34	not_circular																																																																								
11813_EXE_30_2024_F_PBC74148	15	12417	61.36	2.17	60	63	1.12	not_circular																																																																								
11813_EXE_30_2024_F_PBC74148	16	12050	61.97	5.3	57	67	1.13	not_circular																																																																								
11813_EXE_30_2024_F_PBC74148	17	1102	57.82	0.73	58	58	1.06	not_circular																																																																								
11813_EXE_30_2024_F_PBC74148	18	148	143.45	1.05	143	144	2.62	not_circular																																																																								
11813_EXE_30_2024_F_PBC74148	19	119	71.89	0.34	72	72	1.31	not_circular																																																																								
11813_EXE_30_2025_S_PBC74148	chromosome	3201227	60.38	17.07	47	74	1.0	circular																																																																								
11813_EXE_30_2025_S_PBC74148	1	743425	52.77	13.78	42	61	0.87	not_circular																																																																								
11813_EXE_30_2025_S_PBC74148	2	431259	42.76	10.85	33	52	0.71	not_circular																																																																								
11813_EXE_30_2025_S_PBC74148	3	309624	51.74	10.18	46	57	0.86	not_circular																																																																								
11813_EXE_30_2025_S_PBC74148	4	132592	39.55	12.97	30	48	0.66	not_circular																																																																								
11813_EXE_30_2025_S_PBC74148	5	61870	39.06	6.93	35	45	0.65	not_circular																																																																								
11813_EXE_30_2025_S_PBC74148	6	52210	42.55	7.24	36	49	0.7	not_circular																																																																								
11813_EXE_30_2025_S_PBC74148	7	34932	34.59	3.68	32	38	0.57	not_circular																																																																								
11813_EXE_30_2025_S_PBC74148	8	12126	23.18	4.48	19	26	0.38	not_circular																																																																								
11813_EXE_30_2025_S_PBC74148	10	239	55.8	0.52	56	56	0.92	not_circular																																																																								
11813_EXE_30_2025_S_PBC74148	11	131	55.79	0.49	56	56	0.92	not_circular																																																																								
11813_EXE_19_2024_M_PBC74148	chromosome	3316642	56.83	27.19	36	75	1.0	circular																																																																								
11813_EXE_19_2024_M_PBC74148	1	790578	40.73	20.12	26	55	0.72	not_circular																																																																								
11813_EXE_19_2024_M_PBC74148	2	204491	42.41	15.61	30	53	0.75	not_circular																																																																								
11813_EXE_19_2024_M_PBC74148	3	135739	49.44	29.31	25	64	0.87	not_circular																																																																								
11813_EXE_19_2024_M_PBC74148	4	132243	50.59	30.66	30	60	0.89	not_circular																																																																								
11813_EXE_19_2024_M_PBC74148	5	40355	50.3	25.32	27	60	0.89	not_circular																																																																								
11813_EXE_19_2024_M_PBC74148	6	39787	43.74	8.37	38	46	0.77	not_circular																																																																								
11813_EXE_19_2024_M_PBC74148	7	36361	44.01	20.91	26	56	0.77	not_circular																																																																								
11813_EXE_19_2024_M_PBC74148	8	35321	63.54	28.63	44	79	1.12	not_circular																																																																								
11813_EXE_19_2024_M_PBC74148	9	32384	61.98	19.7	44	77	1.09	not_circular																																																																								
11813_EXE_19_2024_M_PBC74148	10	30989	48.84	22.79	30	64	0.86	not_circular																																																																								
11813_EXE_19_2024_M_PBC74148	11	28532	38.88	10.87	29	43	0.68	not_circular																																																																								
11813_EXE_19_2024_M_PBC74148	12	25107	38.43	17.11	24	53	0.68	not_circular																																																																								
11813_EXE_19_2024_M_PBC74148	13	23778	53.44	20.0	37	70	0.94	not_circular																																																																								
11813_EXE_19_2024_M_PBC74148	14	21342	56.12	31.67	26	80	0.99	not_circular																																																																								
11813_EXE_19_2024_M_PBC74148	15	16270	40.6	8.63	33	45	0.71	not_circular																																																																								
11813_EXE_19_2024_M_PBC74148	16	14596	46.73	4.25	44	49	0.82	not_circular																																																																								
11813_EXE_19_2024_M_PBC74148	17	13758	59.05	2.68	57	61	1.04	not_circular																																																																								
11813_EXE_19_2024_M_PBC74148	18	12703	52.71	4.14	49	56	0.93	not_circular																																																																								
11813_EXE_19_2024_M_PBC74148	19	12297	56.7	11.09	47	68	1.0	not_circular																																																																								
11813_EXE_19_2024_M_PBC74148	20	11912	51.53	5.1	48	55	0.91	not_circular																																																																								
11813_EXE_19_2024_M_PBC74148	21	10968	45.03	6.84	41	48	0.79	not_circular																																																																								
11813_EXE_19_2024_M_PBC74148	22	9433	46.91	5.68	42	51	0.83	not_circular																																																																								
11813_EXE_19_2024_M_PBC74148	23	8953	92.87	6.29	88	99	1.63	not_circular																																																																								
11813_EXE_19_2024_M_PBC74148	24	8665	111.32	7.93	106	118	1.96	not_circular																																																																								
11813_EXE_19_2024_M_PBC74148	25	8640	49.05	3.62	46	52	0.86	not_circular																																																																								
11813_EXE_19_2024_M_PBC74148	26	7180	62.7	1.83	61	64	1.1	not_circular																																																																								
11813_EXE_19_2024_M_PBC74148	27	6826	86.75	4.92	83	91	1.53	not_circular																																																																								
11813_EXE_19_2024_M_PBC74148	28	6542	74.0	6.87	70	79	1.3	not_circular																																																																								
11813_EXE_19_2024_M_PBC74148	29	6528	74.02	4.83	69	78	1.3	not_circular																																																																								
11813_EXE_19_2024_M_PBC74148	30	5729	111.33	9.32	104	118	1.96	not_circular																																																																								
11813_EXE_19_2024_M_PBC74148	31	5602	72.24	7.28	67	79	1.27	not_circular																																																																								
11813_EXE_19_2024_M_PBC74148	32	5410	46.54	2.37	45	48	0.82	not_circular																																																																								
11813_EXE_19_2024_M_PBC74148	33	5096	52.27	1.49	51	53	0.92	not_circular																																																																								
11813_EXE_19_2024_M_PBC74148	34	4661	71.83	8.74	65	80	1.26	not_circular																																																																								
11813_EXE_19_2024_M_PBC74148	35	4654	121.9	3.93	121	124	2.14	not_circular																																																																								
11813_EXE_19_2024_M_PBC74148	36	4567	101.3	3.85	97	104	1.78	not_circular																																																																								
11813_EXE_19_2024_M_PBC74148	37	4370	101.05	4.29	98	104	1.78	not_circular																																																																								
11813_EXE_19_2024_M_PBC74148	38	4196	78.23	3.46	75	82	1.38	not_circular																																																																								
11813_EXE_19_2024_M_PBC74148	39	3590	65.24	3.03	63	67	1.15	not_circular																																																																								
11813_EXE_19_2024_M_PBC74148	40	3570	56.32	2.38	54	58	0.99	not_circular																																																																								
11813_EXE_19_2024_M_PBC74148	41	3490	126.64	2.66	125	128	2.23	not_circular																																																																								
11813_EXE_19_2024_M_PBC74148	42	3238	109.45	1.94	108	111	1.93	not_circular																																																																								
11813_EXE_19_2024_M_PBC74148	43	3054	55.08	1.93	54	56	0.97	not_circular																																																																								
11813_EXE_19_2024_M_PBC74148	44	2931	118.92	5.19	115	123	2.09	not_circular																																																																								
11813_EXE_19_2024_M_PBC74148	45	2816	78.79	3.56	76	82	1.39	not_circular																																																																								
11813_EXE_19_2024_M_PBC74148	46	2481	108.03	2.24	107	109	1.9	not_circular																																																																								
11813_EXE_19_2024_M_PBC74148	47	2353	63.73	4.06	62	67	1.12	not_circular																																																																								
11813_EXE_19_2024_M_PBC74148	48	2347	106.01	1.72	105	107	1.87	not_circular																																																																								
11813_EXE_19_2024_M_PBC74148	49	2294	70.7	3.99	67	74	1.24	not_circular																																																																								
11813_EXE_19_2024_M_PBC74148	50	2124	98.86	4.17	95	103	1.74	not_circular																																																																								
11813_EXE_19_2024_M_PBC74148	51	2022	65.26	2.21	64	67	1.15	not_circular																																																																								
11813_EXE_19_2024_M_PBC74148	52	1967	118.91	3.48	118	121	2.09	not_circular																																																																								
11813_EXE_19_2024_M_PBC74148	53	1765	77.56	4.15	75	81	1.36	not_circular																																																																								
11813_EXE_19_2024_M_PBC74148	54	1624	79.76	1.67	79	81	1.4	not_circular																																																																								
11813_EXE_19_2024_M_PBC74148	55	1207	67.96	2.71	66	70	1.2	not_circular																																																																								
11813_EXE_19_2024_M_PBC74148	56	1130	85.62	3.7	83	88	1.51	not_circular																																																																								
11813_EXE_19_2024_M_PBC74148	57	1122	96.41	2.1	95	98	1.7	not_circular																																																																								
11813_EXE_19_2024_M_PBC74148	58	900	108.6	1.58	107	110	1.91	not_circular																																																																								
11813_EXE_19_2024_M_PBC74148	59	874	93.41	1.45	93	94	1.64	not_circular																																																																								
11813_EXE_19_2024_M_PBC74148	60	861	104.92	1.09	104	106	1.85	not_circular																																																																								
11813_EXE_19_2024_M_PBC74148	61	769	52.54	1.62	52	54	0.92	not_circular																																																																								
11813_EXE_19_2024_M_PBC74148	62	758	454.0	12.27	449	463	7.99	not_circular																																																																								
11813_EXE_19_2024_M_PBC74148	63	392	122.41	1.57	122	123	2.15	not_circular																																																																								
11813_EXE_19_2024_M_PBC74148	64	321	94.77	2.76	94	97	1.67	not_circular																																																																								
11813_EXE_19_2024_M_PBC74148	65	253	328.92	7.05	328	331	5.79	not_circular																																																																								
11813_EXE_19_2024_M_PBC74148	66	213	138.0	1.52	138	139	2.43	not_circular																																																																								
11813_EXE_19_2024_M_PBC74148	67	213	173.59	1.41	173	175	3.05	not_circular																																																																								
11813_EXE_19_2024_M_PBC74148	68	196	88.0	3.01	88	90	1.55	not_circular																																																																								
11813_EXE_19_2024_M_PBC74148	69	166	107.7	1.42	107	109	1.9	not_circular																																																																								
11813_EXE_19_2024_M_PBC74148	71	148	109.05	1.5	109	110	1.92	not_circular																																																																								
11813_EXE_28_2025_A_PBC74148	chromosome	3098160	45.05	9.69	38	51	1.0	circular																																																																								
11813_EXE_28_2025_A_PBC74148	1	1742049	40.67	9.83	33	47	0.9	circular																																																																								
11813_EXE_28_2025_A_PBC74148	2	170837	76.49	17.0	62	90	1.7	circular	Yes	NZ_AP024168.1	0.0188053	0.0	508/1000	2083760490.0	Vibrio alfacsensis strain 04Ya108 plasmid pYa108, complete sequence	2021-08-20	circular	complete	1074311.0	plasmid	221076.0	AP024168.1	RefSeq	SAMD00258720	19232337.0	SAMD00258720	Japan:Kagawa	34.381478 N 134.100808 E			2004-05-14			10733851.0	GCF_019670485.1	Complete Genome	218.0	2021-05-18	2021-05-18	True	SAMD00258720	Bacteria	Pseudomonadota	Gammaproteobacteria	Vibrionales	Vibrionaceae	Vibrio	Vibrio_alfacsensis		1074311.0	species	['Bacteria', 'Pseudomonadota', 'Gammaproteobacteria', 'Vibrionales', 'Vibrionaceae', 'Vibrio', 'Vibrio alfacsensis', '']	Bacteria;Pseudomonadota;Gammaproteobacteria;Vibrionales;Vibrionaceae;Vibrio;Vibrio_alfacsensis;	2.0	1224.0	1236.0	135623.0	641.0	662.0	1074311.0		True	True	True		0.0		0.4347328520508784	221076.0		BIOSAMPLE_IsolationSource	unknown (nan)		34.381478	134.100808		-10.220451	-3.4057686		
11813_EXE_28_2025_A_PBC74148	3	68284	277.65	45.48	241	317	6.16	circular																																																																								
11813_EXE_28_2025_A_PBC74148	4	65450	77.84	10.55	74	83	1.73	not_circular																																																																								
11813_EXE_28_2025_A_PBC74148	5	46596	293.54	49.04	261	354	6.52	circular																																																																								
11813_EXE_28_2025_A_PBC74148	6	39122	396.99	9.31	391	405	8.81	circular																																																																								
11813_EXE_28_2025_A_PBC74148	8	9309	17.17	1.01	17	18	0.38	circular																																																																								
11813_EXE_28_2025_A_PBC74148	9	8805	27.15	0.9	26	28	0.6	circular																																																																								
11813_EXE_28_2025_A_PBC74148	15	1525	14.85	0.85	14	16	0.33	not_circular																																																																								
11813_EXE_28_2025_A_PBC74148	19	905	102.06	1.72	102	103	2.27	not_circular																																																																								
11813_EXE_28_2025_A_PBC74148	20	879	22.15	0.88	21	23	0.49	not_circular																																																																								
11813_EXE_28_2025_A_PBC74148	23	260	36.7	0.61	37	37	0.81	not_circular																																																																								
11813_EXE_28_2025_A_PBC74148	24	250	32.67	0.57	32	33	0.73	not_circular																																																																								
11813_EXE_12_2025_A_PBC74148	chromosome	3241114	59.27	22.21	42	77	1.0	circular																																																																								
11813_EXE_12_2025_A_PBC74148	1	1690777	46.01	17.04	32	57	0.78	not_circular																																																																								
11813_EXE_12_2025_A_PBC74148	2	95250	33.07	16.83	19	46	0.56	not_circular																																																																								
11813_EXE_12_2025_A_PBC74148	3	77232	57.54	15.12	45	73	0.97	not_circular																																																																								
11813_EXE_12_2025_A_PBC74148	4	17870	58.65	8.31	56	58	0.99	not_circular																																																																								
11813_EXE_12_2025_A_PBC74148	5	531	140.91	11.28	142	143	2.38	not_circular																																																																								
11813_EXE_12_2025_A_PBC74148	6	272	125.59	0.81	125	126	2.12	not_circular																																																																								
11813_EXE_12_2025_A_PBC74148	8	244	44.41	0.53	44	45	0.75	not_circular																																																																								
11813_EXE_12_2025_A_PBC74148	9	167	125.38	0.97	125	126	2.12	not_circular																																																																								
11813_EXE_12_2025_A_PBC74148	12	133	62.87	0.34	63	63	1.06	not_circular																																																																								
11813_EXE_20_2024_J_PBC74148	chromosome	3334477	55.07	10.89	48	62	1.0	circular																																																																								
11813_EXE_20_2024_J_PBC74148	1	1868090	48.65	10.66	42	56	0.88	circular																																																																								
11813_EXE_28_2025_W_PBC74148	chromosome	3023615	67.1	10.98	60	75	1.0	circular																																																																								
11813_EXE_28_2025_W_PBC74148	1	1211340	61.9	10.98	55	70	0.92	circular																																																																								
11813_EXE_26_2025_C_PBC74148	chromosome	3588088	53.06	28.7	32	70	1.0	circular																																																																								
11813_EXE_26_2025_C_PBC74148	1	642078	43.59	22.33	26	59	0.82	not_circular																																																																								
11813_EXE_26_2025_C_PBC74148	2	360604	50.37	31.13	28	70	0.95	not_circular																																																																								
11813_EXE_26_2025_C_PBC74148	3	279860	31.16	22.04	16	40	0.59	not_circular																																																																								
11813_EXE_26_2025_C_PBC74148	4	149991	34.72	16.72	21	45	0.65	not_circular																																																																								
11813_EXE_26_2025_C_PBC74148	5	67519	189.76	143.48	68	310	3.58	circular																																																																								
11813_EXE_26_2025_C_PBC74148	6	30108	19.47	13.95	10	23	0.37	not_circular																																																																								
11813_EXE_26_2025_C_PBC74148	7	20586	28.08	10.82	22	35	0.53	not_circular																																																																								
11813_EXE_26_2025_C_PBC74148	8	19631	24.19	6.82	20	29	0.46	not_circular																																																																								
11813_EXE_26_2025_C_PBC74148	9	15110	49.64	19.06	31	69	0.94	not_circular																																																																								
11813_EXE_26_2025_C_PBC74148	10	10753	38.78	6.02	35	42	0.73	not_circular																																																																								
11813_EXE_26_2025_C_PBC74148	11	9043	49.63	5.55	44	54	0.94	not_circular																																																																								
11813_EXE_26_2025_C_PBC74148	12	8583	67.15	3.66	65	70	1.27	not_circular																																																																								
11813_EXE_26_2025_C_PBC74148	13	7027	31.39	24.76	17	40	0.59	not_circular																																																																								
11813_EXE_26_2025_C_PBC74148	14	6753	60.9	7.84	52	68	1.15	not_circular																																																																								
11813_EXE_26_2025_C_PBC74148	15	4871	87.12	7.08	84	92	1.64	not_circular																																																																								
11813_EXE_26_2025_C_PBC74148	16	4250	30.0	6.01	25	35	0.57	not_circular																																																																								
11813_EXE_26_2025_C_PBC74148	17	4066	55.33	7.45	50	62	1.04	not_circular																																																																								
11813_EXE_26_2025_C_PBC74148	18	3455	74.41	3.93	71	78	1.4	not_circular																																																																								
11813_EXE_26_2025_C_PBC74148	19	3363	58.51	2.31	57	60	1.1	not_circular																																																																								
11813_EXE_26_2025_C_PBC74148	20	2893	40.11	3.86	36	44	0.76	not_circular																																																																								
11813_EXE_26_2025_C_PBC74148	21	2713	40.22	1.59	39	41	0.76	not_circular																																																																								
11813_EXE_26_2025_C_PBC74148	22	1522	75.83	2.08	75	77	1.43	not_circular																																																																								
11813_EXE_26_2025_C_PBC74148	23	965	173.04	22.09	178	181	3.26	not_circular																																																																								
11813_EXE_26_2025_C_PBC74148	25	616	63.18	1.21	63	64	1.19	not_circular																																																																								
11813_EXE_26_2025_C_PBC74148	26	578	95.98	1.18	96	97	1.81	not_circular																																																																								
11813_EXE_26_2025_C_PBC74148	27	470	40.06	1.07	40	41	0.75	not_circular																																																																								
11813_EXE_26_2025_C_PBC74148	28	417	66.14	1.27	66	67	1.25	not_circular																																																																								
11813_EXE_26_2025_C_PBC74148	29	385	61.19	1.45	61	62	1.15	not_circular																																																																								
11813_EXE_26_2025_C_PBC74148	31	277	24.62	2.25	23	26	0.46	not_circular																																																																								
11813_EXE_26_2025_C_PBC74148	32	207	49.3	35.33	0	75	0.93	not_circular																																																																								
11813_EXE_26_2025_C_PBC74148	34	193	78.16	2.27	77	80	1.47	not_circular																																																																								
11813_EXE_26_2025_C_PBC74148	35	192	16.07	0.78	16	17	0.3	not_circular																																																																								
11813_EXE_26_2025_C_PBC74148	36	182	51.66	0.7	52	52	0.97	not_circular																																																																								
11813_EXE_26_2025_C_PBC74148	37	170	61.88	1.02	61	63	1.17	not_circular																																																																								
11813_EXE_26_2025_C_PBC74148	39	130	100.98	2.21	100	103	1.9	not_circular																																																																								
11813_EXE_26_2025_C_PBC74148	40	112	127.63	2.24	127	129	2.41	not_circular																																																																								
11813_EXE_26_2025_C_PBC74148	41	106	60.38	8.04	61	62	1.14	not_circular																																																																								
11813_EXE_26_2025_C_PBC74148	42	104	75.74	2.04	75	77	1.43	not_circular																																																																								
11813_EXE_27_2025_A_PBC74148	chromosome	3828698	41.27	8.32	36	46	1.0	circular																																																																								
11813_EXE_27_2025_A_PBC74148	1	2174611	38.02	7.84	33	43	0.92	not_circular																																																																								
11813_EXE_27_2025_A_PBC74148	2	107860	47.98	7.46	42	53	1.16	not_circular																																																																								
11813_EXE_27_2025_A_PBC74148	3	61139	365.48	13.66	355	374	8.86	circular	Yes	NZ_CP116417.1	0.0436329	0.0	250/1000	2532369265.0	Vibrio harveyi strain K2014767 plasmid pVH2, complete sequence	2023-07-07	circular	complete	669.0	plasmid	61846.0	CP116417.1	RefSeq	SAMN32755641	32755641.0	SAMN32755641	USA: Florida		hepatopancreas	Caribbean spiny lobster	2022.0		Culture	17305121.0	GCF_030388405.1	Complete Genome	39.8	2023-07-03	2023-07-03	True	SAMN32755641	Bacteria	Pseudomonadota	Gammaproteobacteria	Vibrionales	Vibrionaceae	Vibrio	Vibrio_harveyi		669.0	species	['Bacteria', 'Pseudomonadota', 'Gammaproteobacteria', 'Vibrionales', 'Vibrionaceae', 'Vibrio', 'Vibrio harveyi', '']	Bacteria;Pseudomonadota;Gammaproteobacteria;Vibrionales;Vibrionaceae;Vibrio;Vibrio_harveyi;	2.0	1224.0	1236.0	135623.0	641.0	662.0	669.0		True	True	True		0.0		0.4220483135530188	61846.0	Panulirus argus	BIOSAMPLE_Host	Panulirus argus		27.7567667	-81.4639835	USA,Florida	1.4433129	-2.8369577		
11813_EXE_27_2025_A_PBC74148	4	31093	44.47	4.16	42	47	1.08	not_circular																																																																								
11813_EXE_27_2025_A_PBC74148	5	1469	40.03	2.65	38	42	0.97	not_circular																																																																								
11813_EXE_29_2025_K_PBC74148	chromosome	2803158	54.56	34.81	29	74	1.0	circular																																																																								
11813_EXE_29_2025_K_PBC74148	1	886854	33.16	26.44	17	41	0.61	not_circular																																																																								
11813_EXE_29_2025_K_PBC74148	2	752023	41.5	24.53	23	55	0.76	not_circular																																																																								
11813_EXE_29_2025_K_PBC74148	3	674368	30.64	20.98	16	40	0.56	not_circular																																																																								
11813_EXE_29_2025_K_PBC74148	4	193427	36.01	29.66	13	51	0.66	not_circular																																																																								
11813_EXE_29_2025_K_PBC74148	5	152596	43.68	26.53	22	56	0.8	not_circular																																																																								
11813_EXE_29_2025_K_PBC74148	6	131482	42.41	22.22	22	60	0.78	not_circular																																																																								
11813_EXE_29_2025_K_PBC74148	7	99147	75.04	55.33	28	119	1.38	circular																																																																								
11813_EXE_29_2025_K_PBC74148	8	88827	63.67	42.85	29	77	1.17	not_circular																																																																								
11813_EXE_29_2025_K_PBC74148	9	39480	29.67	16.07	17	46	0.54	not_circular																																																																								
11813_EXE_29_2025_K_PBC74148	11	16353	45.39	8.33	37	52	0.83	not_circular																																																																								
