accession	organism_name	tax_id	best_match_organism	ani	best_type_assembly	best_match_category	match_status	taxonomy_check_status	submitted_organism
GCF_012151155.1	Vibrio alginolyticus	663	Vibrio diabolicus	97.93	GCA_001048675.1	suspected_type	mismatch	Failed	Vibrio alginolyticus
GCF_012151295.1	Vibrio alginolyticus	663	Vibrio diabolicus	97.93	GCA_001048675.1	suspected_type	mismatch	Failed	Vibrio alginolyticus
GCF_012151455.1	Vibrio alginolyticus	663	Vibrio diabolicus	97.93	GCA_001048675.1	suspected_type	mismatch	Failed	Vibrio alginolyticus
GCF_012151595.1	Vibrio alginolyticus	663	Vibrio diabolicus	97.93	GCA_001048675.1	suspected_type	mismatch	Failed	Vibrio alginolyticus
GCF_020991225.1	Vibrio alginolyticus	663	Vibrio diabolicus	98	GCA_001048675.1	suspected_type	mismatch	Failed	Vibrio alginolyticus
GCF_024744175.1	Vibrio alginolyticus	663	Vibrio diabolicus	97.99	GCA_001048675.1	suspected_type	mismatch	Failed	Vibrio alginolyticus
GCF_024744195.1	Vibrio alginolyticus	663	Vibrio diabolicus	97.99	GCA_001048675.1	suspected_type	mismatch	Failed	Vibrio alginolyticus
GCF_024744375.1	Vibrio alginolyticus	663	Vibrio chemaguriensis	97.94	GCA_012275705.1	suspected_type	mismatch	Failed	Vibrio alginolyticus
GCF_024744525.1	Vibrio alginolyticus	663	Vibrio chemaguriensis	97.89	GCA_012275705.1	suspected_type	mismatch	Failed	Vibrio alginolyticus
GCF_024745435.1	Vibrio alginolyticus	663	Vibrio chemaguriensis	98.02	GCA_012275705.1	suspected_type	mismatch	Failed	Vibrio alginolyticus
GCF_024746535.1	Vibrio alginolyticus	663	Vibrio chemaguriensis	98.08	GCA_012275705.1	suspected_type	mismatch	Failed	Vibrio alginolyticus
GCF_024746645.1	Vibrio alginolyticus	663	Vibrio chemaguriensis	98.11	GCA_012275705.1	suspected_type	mismatch	Failed	Vibrio alginolyticus
GCA_002868815.1	Vibrio alginolyticus	663	Vibrio chemaguriensis	98.31	GCA_012275705.1	suspected_type	mismatch	Failed	Vibrio alginolyticus
GCA_012151155.1	Vibrio alginolyticus	663	Vibrio diabolicus	97.93	GCA_001048675.1	suspected_type	mismatch	Failed	Vibrio alginolyticus
GCA_012151295.1	Vibrio alginolyticus	663	Vibrio diabolicus	97.93	GCA_001048675.1	suspected_type	mismatch	Failed	Vibrio alginolyticus
GCA_012151455.1	Vibrio alginolyticus	663	Vibrio diabolicus	97.93	GCA_001048675.1	suspected_type	mismatch	Failed	Vibrio alginolyticus
GCA_012151595.1	Vibrio alginolyticus	663	Vibrio diabolicus	97.93	GCA_001048675.1	suspected_type	mismatch	Failed	Vibrio alginolyticus
GCA_020991225.1	Vibrio alginolyticus	663	Vibrio diabolicus	98	GCA_001048675.1	suspected_type	mismatch	Failed	Vibrio alginolyticus
GCA_024744175.1	Vibrio alginolyticus	663	Vibrio diabolicus	97.99	GCA_001048675.1	suspected_type	mismatch	Failed	Vibrio alginolyticus
GCA_024744195.1	Vibrio alginolyticus	663	Vibrio diabolicus	97.99	GCA_001048675.1	suspected_type	mismatch	Failed	Vibrio alginolyticus
GCA_024744375.1	Vibrio alginolyticus	663	Vibrio chemaguriensis	97.94	GCA_012275705.1	suspected_type	mismatch	Failed	Vibrio alginolyticus
GCA_024744525.1	Vibrio alginolyticus	663	Vibrio chemaguriensis	97.89	GCA_012275705.1	suspected_type	mismatch	Failed	Vibrio alginolyticus
GCA_024745435.1	Vibrio alginolyticus	663	Vibrio chemaguriensis	98.02	GCA_012275705.1	suspected_type	mismatch	Failed	Vibrio alginolyticus
GCA_024746535.1	Vibrio alginolyticus	663	Vibrio chemaguriensis	98.08	GCA_012275705.1	suspected_type	mismatch	Failed	Vibrio alginolyticus
GCA_024746645.1	Vibrio alginolyticus	663	Vibrio chemaguriensis	98.11	GCA_012275705.1	suspected_type	mismatch	Failed	Vibrio alginolyticus
GCA_043843475.1	Vibrio alginolyticus	663	Vibrio chemaguriensis	98.07	GCA_012275705.1	suspected_type	mismatch	Failed	Vibrio alginolyticus
GCF_000024825.1	Vibrio antiquarius	150340	Vibrio antiquarius	99.99	GCA_000152485.1	suspected_type	species_match	OK	Vibrio antiquarius
GCF_000152485.1	Vibrio antiquarius	150340	Vibrio antiquarius	99.99	GCA_000024825.1	suspected_type	species_match	OK	Vibrio antiquarius
GCF_001909305.1	Vibrio antiquarius	150340	Vibrio chemaguriensis	98.04	GCA_012275705.1	suspected_type	mismatch	Inconclusive	Vibrio antiquarius
GCF_021440305.1	Vibrio antiquarius	150340	Vibrio chemaguriensis	98.06	GCA_012275705.1	suspected_type	mismatch	Inconclusive	Vibrio antiquarius
GCF_024743515.1	Vibrio antiquarius	150340	Vibrio diabolicus	98.1	GCA_001048675.1	suspected_type	mismatch	Inconclusive	Vibrio antiquarius
GCF_024743855.1	Vibrio antiquarius	150340	Vibrio chemaguriensis	97.99	GCA_012275705.1	suspected_type	mismatch	Inconclusive	Vibrio antiquarius
GCF_024744055.1	Vibrio antiquarius	150340	Vibrio chemaguriensis	98.11	GCA_012275705.1	suspected_type	mismatch	Inconclusive	Vibrio antiquarius
GCF_024744075.1	Vibrio antiquarius	150340	Vibrio chemaguriensis	98.11	GCA_012275705.1	suspected_type	mismatch	Inconclusive	Vibrio antiquarius
GCF_024744095.1	Vibrio antiquarius	150340	Vibrio chemaguriensis	98.11	GCA_012275705.1	suspected_type	mismatch	Inconclusive	Vibrio antiquarius
GCF_024744135.1	Vibrio antiquarius	150340	Vibrio chemaguriensis	98.11	GCA_012275705.1	suspected_type	mismatch	Inconclusive	Vibrio antiquarius
GCF_024744845.1	Vibrio antiquarius	150340	Vibrio chemaguriensis	97.97	GCA_012275705.1	suspected_type	mismatch	Inconclusive	Vibrio antiquarius
GCF_024744965.1	Vibrio antiquarius	150340	Vibrio diabolicus	97.91	GCA_001048675.1	suspected_type	mismatch	Inconclusive	Vibrio antiquarius
GCF_024746035.1	Vibrio antiquarius	150340	Vibrio chemaguriensis	98.1	GCA_012275705.1	suspected_type	mismatch	Inconclusive	Vibrio antiquarius
GCF_024746045.1	Vibrio antiquarius	150340	Vibrio chemaguriensis	98.1	GCA_012275705.1	suspected_type	mismatch	Inconclusive	Vibrio antiquarius
GCF_024746195.1	Vibrio antiquarius	150340	Vibrio chemaguriensis	98.14	GCA_012275705.1	suspected_type	mismatch	Inconclusive	Vibrio antiquarius
GCF_024746235.1	Vibrio antiquarius	150340	Vibrio diabolicus	98.13	GCA_001048675.1	suspected_type	mismatch	Inconclusive	Vibrio antiquarius
GCF_024746245.1	Vibrio antiquarius	150340	Vibrio chemaguriensis	98.13	GCA_012275705.1	suspected_type	mismatch	Inconclusive	Vibrio antiquarius
GCF_024746275.1	Vibrio antiquarius	150340	Vibrio chemaguriensis	98.06	GCA_012275705.1	suspected_type	mismatch	Inconclusive	Vibrio antiquarius
GCF_024746585.1	Vibrio antiquarius	150340	Vibrio diabolicus	98.03	GCA_001048675.1	suspected_type	mismatch	Inconclusive	Vibrio antiquarius
GCF_024746715.1	Vibrio antiquarius	150340	Vibrio chemaguriensis	98.15	GCA_012275705.1	suspected_type	mismatch	Inconclusive	Vibrio antiquarius
GCA_000024825.1	Vibrio antiquarius	150340	Vibrio antiquarius	99.99	GCA_000152485.1	suspected_type	species_match	OK	Vibrio antiquarius
GCA_000152485.1	Vibrio antiquarius	150340	Vibrio antiquarius	99.99	GCA_000024825.1	suspected_type	species_match	OK	Vibrio antiquarius
GCA_001909305.1	Vibrio antiquarius	150340	Vibrio chemaguriensis	98.04	GCA_012275705.1	suspected_type	mismatch	Inconclusive	Vibrio antiquarius
GCA_021440305.1	Vibrio antiquarius	150340	Vibrio chemaguriensis	98.06	GCA_012275705.1	suspected_type	mismatch	Inconclusive	Vibrio antiquarius
GCA_024743515.1	Vibrio antiquarius	150340	Vibrio diabolicus	98.1	GCA_001048675.1	suspected_type	mismatch	Inconclusive	Vibrio antiquarius
GCA_024743855.1	Vibrio antiquarius	150340	Vibrio chemaguriensis	97.99	GCA_012275705.1	suspected_type	mismatch	Inconclusive	Vibrio antiquarius
GCA_024744055.1	Vibrio antiquarius	150340	Vibrio chemaguriensis	98.11	GCA_012275705.1	suspected_type	mismatch	Inconclusive	Vibrio antiquarius
GCA_024744075.1	Vibrio antiquarius	150340	Vibrio chemaguriensis	98.11	GCA_012275705.1	suspected_type	mismatch	Inconclusive	Vibrio antiquarius
GCA_024744095.1	Vibrio antiquarius	150340	Vibrio chemaguriensis	98.11	GCA_012275705.1	suspected_type	mismatch	Inconclusive	Vibrio antiquarius
GCA_024744135.1	Vibrio antiquarius	150340	Vibrio chemaguriensis	98.11	GCA_012275705.1	suspected_type	mismatch	Inconclusive	Vibrio antiquarius
GCA_024744845.1	Vibrio antiquarius	150340	Vibrio chemaguriensis	97.97	GCA_012275705.1	suspected_type	mismatch	Inconclusive	Vibrio antiquarius
GCA_024744965.1	Vibrio antiquarius	150340	Vibrio diabolicus	97.91	GCA_001048675.1	suspected_type	mismatch	Inconclusive	Vibrio antiquarius
GCA_024746035.1	Vibrio antiquarius	150340	Vibrio chemaguriensis	98.1	GCA_012275705.1	suspected_type	mismatch	Inconclusive	Vibrio antiquarius
GCA_024746045.1	Vibrio antiquarius	150340	Vibrio chemaguriensis	98.1	GCA_012275705.1	suspected_type	mismatch	Inconclusive	Vibrio antiquarius
GCA_024746195.1	Vibrio antiquarius	150340	Vibrio chemaguriensis	98.14	GCA_012275705.1	suspected_type	mismatch	Inconclusive	Vibrio antiquarius
GCA_024746235.1	Vibrio antiquarius	150340	Vibrio diabolicus	98.13	GCA_001048675.1	suspected_type	mismatch	Inconclusive	Vibrio antiquarius
GCA_024746245.1	Vibrio antiquarius	150340	Vibrio chemaguriensis	98.13	GCA_012275705.1	suspected_type	mismatch	Inconclusive	Vibrio antiquarius
GCA_024746275.1	Vibrio antiquarius	150340	Vibrio chemaguriensis	98.06	GCA_012275705.1	suspected_type	mismatch	Inconclusive	Vibrio antiquarius
GCA_024746585.1	Vibrio antiquarius	150340	Vibrio diabolicus	98.03	GCA_001048675.1	suspected_type	mismatch	Inconclusive	Vibrio antiquarius
GCA_024746715.1	Vibrio antiquarius	150340	Vibrio chemaguriensis	98.15	GCA_012275705.1	suspected_type	mismatch	Inconclusive	Vibrio antiquarius
GCA_036881965.1	Vibrio antiquarius	150340	Vibrio chemaguriensis	97.96	GCA_012275705.1	suspected_type	mismatch	Failed	Vibrio antiquarius
GCA_049410125.1	Vibrio antiquarius	150340	Vibrio diabolicus	97.97	GCA_001048675.1	suspected_type	mismatch	Inconclusive	Vibrio antiquarius
GCA_049410145.1	Vibrio antiquarius	150340	Vibrio chemaguriensis	98.14	GCA_012275705.1	suspected_type	mismatch	Inconclusive	Vibrio antiquarius
GCA_049410185.1	Vibrio antiquarius	150340	Vibrio diabolicus	98.12	GCA_001048675.1	suspected_type	mismatch	Inconclusive	Vibrio antiquarius
GCA_049410225.1	Vibrio antiquarius	150340	Vibrio diabolicus	98.1	GCA_001048675.1	suspected_type	mismatch	Inconclusive	Vibrio antiquarius
GCA_049410265.1	Vibrio antiquarius	150340	Vibrio diabolicus	98.01	GCA_001048675.1	suspected_type	mismatch	Inconclusive	Vibrio antiquarius
GCA_049410305.1	Vibrio antiquarius	150340	Vibrio chemaguriensis	98.13	GCA_012275705.1	suspected_type	mismatch	Inconclusive	Vibrio antiquarius
GCA_049410345.1	Vibrio antiquarius	150340	Vibrio chemaguriensis	98.14	GCA_012275705.1	suspected_type	mismatch	Inconclusive	Vibrio antiquarius
GCA_049470235.1	Vibrio antiquarius	150340	Vibrio chemaguriensis	98.05	GCA_012275705.1	suspected_type	mismatch	Inconclusive	Vibrio antiquarius
GCA_049470275.1	Vibrio antiquarius	150340	Vibrio diabolicus	97.99	GCA_001048675.1	suspected_type	mismatch	Inconclusive	Vibrio antiquarius
GCA_053051195.1	Vibrio antiquarius	150340	Vibrio diabolicus	97.93	GCA_001048675.1	suspected_type	mismatch	Failed	Vibrio antiquarius
GCA_054112445.1	Vibrio antiquarius	150340	Vibrio chemaguriensis	98.09	GCA_012275705.1	suspected_type	mismatch	Failed	Vibrio antiquarius
GCA_054112485.1	Vibrio antiquarius	150340	Vibrio chemaguriensis	98.09	GCA_012275705.1	suspected_type	mismatch	Failed	Vibrio antiquarius
GCA_054112505.1	Vibrio antiquarius	150340	Vibrio chemaguriensis	98.1	GCA_012275705.1	suspected_type	mismatch	Failed	Vibrio antiquarius
GCA_054112525.1	Vibrio antiquarius	150340	Vibrio chemaguriensis	98.1	GCA_012275705.1	suspected_type	mismatch	Failed	Vibrio antiquarius
GCA_054113605.1	Vibrio antiquarius	150340	Vibrio chemaguriensis	98.09	GCA_012275705.1	suspected_type	mismatch	Failed	Vibrio antiquarius
GCA_054113705.1	Vibrio antiquarius	150340	Vibrio chemaguriensis	97.92	GCA_012275705.1	suspected_type	mismatch	Failed	Vibrio antiquarius
GCA_054113725.1	Vibrio antiquarius	150340	Vibrio chemaguriensis	97.92	GCA_012275705.1	suspected_type	mismatch	Failed	Vibrio antiquarius
GCA_054113805.1	Vibrio antiquarius	150340	Vibrio chemaguriensis	98.07	GCA_012275705.1	suspected_type	mismatch	Failed	Vibrio antiquarius
GCA_054113905.1	Vibrio antiquarius	150340	Vibrio chemaguriensis	98.14	GCA_012275705.1	suspected_type	mismatch	Failed	Vibrio antiquarius
GCA_054113925.1	Vibrio antiquarius	150340	Vibrio chemaguriensis	97.9	GCA_012275705.1	suspected_type	mismatch	Failed	Vibrio antiquarius
GCA_054113945.1	Vibrio antiquarius	150340	Vibrio chemaguriensis	98.14	GCA_012275705.1	suspected_type	mismatch	Failed	Vibrio antiquarius
GCA_054890145.1	Vibrio antiquarius	150340	Vibrio diabolicus	98.13	GCA_001048675.1	suspected_type	mismatch	Failed	Vibrio antiquarius
GCA_055810595.1	Vibrio antiquarius	150340	Vibrio chemaguriensis	98.01	GCA_012275705.1	suspected_type	mismatch	Failed	Vibrio antiquarius
GCF_012275705.1	Vibrio chemaguriensis	2527672	Vibrio diabolicus	98.11	GCA_001048675.1	suspected_type	mismatch	Inconclusive	Vibrio chemaguriensis
GCF_020223935.1	Vibrio chemaguriensis	2527672	Vibrio chemaguriensis	98.11	GCA_012275705.1	suspected_type	species_match	OK	Vibrio chemaguriensis
GCF_020223945.1	Vibrio chemaguriensis	2527672	Vibrio chemaguriensis	98.11	GCA_012275705.1	suspected_type	species_match	OK	Vibrio chemaguriensis
GCF_054112425.1	Vibrio chemaguriensis	2527672	Vibrio chemaguriensis	97.96	GCA_012275705.1	suspected_type	species_match	OK	Vibrio chemaguriensis
GCF_054112465.1	Vibrio chemaguriensis	2527672	Vibrio chemaguriensis	98.09	GCA_012275705.1	suspected_type	species_match	OK	Vibrio chemaguriensis
GCF_054113625.1	Vibrio chemaguriensis	2527672	Vibrio chemaguriensis	98.16	GCA_012275705.1	suspected_type	species_match	OK	Vibrio chemaguriensis
GCF_054113745.1	Vibrio chemaguriensis	2527672	Vibrio chemaguriensis	98.11	GCA_012275705.1	suspected_type	species_match	OK	Vibrio chemaguriensis
GCF_054113765.1	Vibrio chemaguriensis	2527672	Vibrio chemaguriensis	97.98	GCA_012275705.1	suspected_type	species_match	OK	Vibrio chemaguriensis
GCF_054113785.1	Vibrio chemaguriensis	2527672	Vibrio chemaguriensis	98.15	GCA_012275705.1	suspected_type	species_match	OK	Vibrio chemaguriensis
GCF_054113885.1	Vibrio chemaguriensis	2527672	Vibrio chemaguriensis	98.14	GCA_012275705.1	suspected_type	species_match	OK	Vibrio chemaguriensis
GCA_012275705.1	Vibrio chemaguriensis	2527672	Vibrio diabolicus	98.11	GCA_001048675.1	suspected_type	mismatch	Inconclusive	Vibrio chemaguriensis
GCA_020223935.1	Vibrio chemaguriensis	2527672	Vibrio chemaguriensis	98.11	GCA_012275705.1	suspected_type	species_match	OK	Vibrio chemaguriensis
GCA_020223945.1	Vibrio chemaguriensis	2527672	Vibrio chemaguriensis	98.11	GCA_012275705.1	suspected_type	species_match	OK	Vibrio chemaguriensis
GCA_054112425.1	Vibrio chemaguriensis	2527672	Vibrio chemaguriensis	97.96	GCA_012275705.1	suspected_type	species_match	OK	Vibrio chemaguriensis
GCA_054112465.1	Vibrio chemaguriensis	2527672	Vibrio chemaguriensis	98.09	GCA_012275705.1	suspected_type	species_match	OK	Vibrio chemaguriensis
GCA_054113625.1	Vibrio chemaguriensis	2527672	Vibrio chemaguriensis	98.16	GCA_012275705.1	suspected_type	species_match	OK	Vibrio chemaguriensis
GCA_054113745.1	Vibrio chemaguriensis	2527672	Vibrio chemaguriensis	98.11	GCA_012275705.1	suspected_type	species_match	OK	Vibrio chemaguriensis
GCA_054113765.1	Vibrio chemaguriensis	2527672	Vibrio chemaguriensis	97.98	GCA_012275705.1	suspected_type	species_match	OK	Vibrio chemaguriensis
GCA_054113785.1	Vibrio chemaguriensis	2527672	Vibrio chemaguriensis	98.15	GCA_012275705.1	suspected_type	species_match	OK	Vibrio chemaguriensis
GCA_054113885.1	Vibrio chemaguriensis	2527672	Vibrio chemaguriensis	98.14	GCA_012275705.1	suspected_type	species_match	OK	Vibrio chemaguriensis
GCF_011801455.1	Vibrio diabolicus	50719	Vibrio diabolicus	98.08	GCA_001048675.1	suspected_type	species_match	OK	Vibrio diabolicus
GCF_000962815.1	Vibrio diabolicus	50719	Vibrio diabolicus	97.99	GCA_001048675.1	suspected_type	species_match	OK	Vibrio diabolicus
GCF_001010935.1	Vibrio diabolicus	50719	Vibrio diabolicus	97.88	GCA_001048675.1	suspected_type	species_match	OK	Vibrio diabolicus
GCF_001048675.1	Vibrio diabolicus	50719	Vibrio chemaguriensis	98.11	GCA_012275705.1	suspected_type	mismatch	Inconclusive	Vibrio diabolicus
GCF_001691185.1	Vibrio diabolicus	50719	Vibrio diabolicus	97.9	GCA_001048675.1	suspected_type	species_match	OK	Vibrio diabolicus
GCF_002953335.1	Vibrio diabolicus	50719	Vibrio diabolicus	97.87	GCA_001048675.1	suspected_type	species_match	OK	Vibrio diabolicus
GCF_002953355.1	Vibrio diabolicus	50719	Vibrio diabolicus	98.09	GCA_001048675.1	suspected_type	species_match	OK	Vibrio diabolicus
GCF_002953395.1	Vibrio diabolicus	50719	Vibrio diabolicus	98.07	GCA_001048675.1	suspected_type	species_match	OK	Vibrio diabolicus
GCF_003798525.1	Vibrio diabolicus	50719	Vibrio diabolicus	98.02	GCA_001048675.1	suspected_type	species_match	OK	Vibrio diabolicus
GCF_004522045.1	Vibrio diabolicus	50719	Vibrio diabolicus	98.03	GCA_001048675.1	suspected_type	species_match	OK	Vibrio diabolicus
GCF_006151825.1	Vibrio diabolicus	50719	Vibrio diabolicus	97.88	GCA_001048675.1	suspected_type	species_match	OK	Vibrio diabolicus
GCF_008757025.1	Vibrio diabolicus	50719	Vibrio diabolicus	98.07	GCA_001048675.1	suspected_type	species_match	OK	Vibrio diabolicus
GCF_010894395.1	Vibrio diabolicus	50719	Vibrio diabolicus	98.1	GCA_001048675.1	suspected_type	species_match	OK	Vibrio diabolicus
GCF_013332575.1	Vibrio diabolicus	50719	Vibrio diabolicus	98.2	GCA_001048675.1	suspected_type	species_match	OK	Vibrio diabolicus
GCF_013368925.1	Vibrio diabolicus	50719	Vibrio diabolicus	97.94	GCA_001048675.1	suspected_type	species_match	OK	Vibrio diabolicus
GCF_015160835.1	Vibrio diabolicus	50719	Vibrio diabolicus	98.1	GCA_001048675.1	suspected_type	species_match	OK	Vibrio diabolicus
GCF_016812015.1	Vibrio diabolicus	50719	Vibrio diabolicus	97.85	GCA_001048675.1	suspected_type	species_match	OK	Vibrio diabolicus
GCF_016825335.1	Vibrio diabolicus	50719	Vibrio diabolicus	98.04	GCA_001048675.1	suspected_type	species_match	OK	Vibrio diabolicus
GCF_019273595.1	Vibrio diabolicus	50719	Vibrio diabolicus	97.93	GCA_001048675.1	suspected_type	species_match	OK	Vibrio diabolicus
GCF_020717785.1	Vibrio diabolicus	50719	Vibrio diabolicus	98.12	GCA_001048675.1	suspected_type	species_match	OK	Vibrio diabolicus
GCF_021322875.1	Vibrio diabolicus	50719	Vibrio diabolicus	97.97	GCA_001048675.1	suspected_type	species_match	OK	Vibrio diabolicus
GCF_021440175.1	Vibrio diabolicus	50719	Vibrio diabolicus	98	GCA_001048675.1	suspected_type	species_match	OK	Vibrio diabolicus
GCF_022288885.1	Vibrio diabolicus	50719	Vibrio diabolicus	98	GCA_001048675.1	suspected_type	species_match	OK	Vibrio diabolicus
GCF_022288955.1	Vibrio diabolicus	50719	Vibrio diabolicus	97.99	GCA_001048675.1	suspected_type	species_match	OK	Vibrio diabolicus
GCF_022288995.1	Vibrio diabolicus	50719	Vibrio diabolicus	98.01	GCA_001048675.1	suspected_type	species_match	OK	Vibrio diabolicus
GCF_022289055.1	Vibrio diabolicus	50719	Vibrio diabolicus	98	GCA_001048675.1	suspected_type	species_match	OK	Vibrio diabolicus
GCF_022395435.1	Vibrio diabolicus	50719	Vibrio diabolicus	98.04	GCA_001048675.1	suspected_type	species_match	OK	Vibrio diabolicus
GCF_022398015.1	Vibrio diabolicus	50719	Vibrio diabolicus	98.04	GCA_001048675.1	suspected_type	species_match	OK	Vibrio diabolicus
GCF_022398055.1	Vibrio diabolicus	50719	Vibrio diabolicus	98.05	GCA_001048675.1	suspected_type	species_match	OK	Vibrio diabolicus
GCF_022398225.1	Vibrio diabolicus	50719	Vibrio diabolicus	98.12	GCA_001048675.1	suspected_type	species_match	OK	Vibrio diabolicus
GCF_024531135.1	Vibrio diabolicus	50719	Vibrio diabolicus	97.96	GCA_001048675.1	suspected_type	species_match	OK	Vibrio diabolicus
GCF_024531155.1	Vibrio diabolicus	50719	Vibrio diabolicus	98.05	GCA_001048675.1	suspected_type	species_match	OK	Vibrio diabolicus
GCF_024581015.1	Vibrio diabolicus	50719	Vibrio diabolicus	97.92	GCA_001048675.1	suspected_type	species_match	OK	Vibrio diabolicus
GCF_024743715.1	Vibrio diabolicus	50719	Vibrio diabolicus	97.9	GCA_001048675.1	suspected_type	species_match	OK	Vibrio diabolicus
GCF_024743735.1	Vibrio diabolicus	50719	Vibrio diabolicus	97.9	GCA_001048675.1	suspected_type	species_match	OK	Vibrio diabolicus
GCF_024744025.1	Vibrio diabolicus	50719	Vibrio diabolicus	98.04	GCA_001048675.1	suspected_type	species_match	OK	Vibrio diabolicus
GCF_024744635.1	Vibrio diabolicus	50719	Vibrio diabolicus	97.96	GCA_001048675.1	suspected_type	species_match	OK	Vibrio diabolicus
GCF_024747875.1	Vibrio diabolicus	50719	Vibrio diabolicus	97.87	GCA_001048675.1	suspected_type	species_match	OK	Vibrio diabolicus
GCF_024747885.1	Vibrio diabolicus	50719	Vibrio diabolicus	97.92	GCA_001048675.1	suspected_type	species_match	OK	Vibrio diabolicus
GCF_024747905.1	Vibrio diabolicus	50719	Vibrio diabolicus	97.85	GCA_001048675.1	suspected_type	species_match	OK	Vibrio diabolicus
GCF_024747935.1	Vibrio diabolicus	50719	Vibrio diabolicus	98.03	GCA_001048675.1	suspected_type	species_match	OK	Vibrio diabolicus
GCF_024747945.1	Vibrio diabolicus	50719	Vibrio diabolicus	97.84	GCA_001048675.1	suspected_type	species_match	OK	Vibrio diabolicus
GCF_024747975.1	Vibrio diabolicus	50719	Vibrio diabolicus	97.97	GCA_001048675.1	suspected_type	species_match	OK	Vibrio diabolicus
GCF_024747995.1	Vibrio diabolicus	50719	Vibrio diabolicus	98.02	GCA_001048675.1	suspected_type	species_match	OK	Vibrio diabolicus
GCF_024748015.1	Vibrio diabolicus	50719	Vibrio diabolicus	97.95	GCA_001048675.1	suspected_type	species_match	OK	Vibrio diabolicus
GCF_024748035.1	Vibrio diabolicus	50719	Vibrio diabolicus	98.02	GCA_001048675.1	suspected_type	species_match	OK	Vibrio diabolicus
GCF_024748045.1	Vibrio diabolicus	50719	Vibrio diabolicus	98.02	GCA_001048675.1	suspected_type	species_match	OK	Vibrio diabolicus
GCF_024748065.1	Vibrio diabolicus	50719	Vibrio diabolicus	97.94	GCA_001048675.1	suspected_type	species_match	OK	Vibrio diabolicus
GCF_024748095.1	Vibrio diabolicus	50719	Vibrio diabolicus	97.86	GCA_001048675.1	suspected_type	species_match	OK	Vibrio diabolicus
GCF_024748115.1	Vibrio diabolicus	50719	Vibrio diabolicus	97.83	GCA_001048675.1	suspected_type	species_match	OK	Vibrio diabolicus
GCF_024748135.1	Vibrio diabolicus	50719	Vibrio diabolicus	97.87	GCA_001048675.1	suspected_type	species_match	OK	Vibrio diabolicus
GCF_024748155.1	Vibrio diabolicus	50719	Vibrio diabolicus	98.05	GCA_001048675.1	suspected_type	species_match	OK	Vibrio diabolicus
GCF_024748195.1	Vibrio diabolicus	50719	Vibrio diabolicus	97.9	GCA_001048675.1	suspected_type	species_match	OK	Vibrio diabolicus
GCF_024748225.1	Vibrio diabolicus	50719	Vibrio diabolicus	97.89	GCA_001048675.1	suspected_type	species_match	OK	Vibrio diabolicus
GCF_024748235.1	Vibrio diabolicus	50719	Vibrio diabolicus	97.86	GCA_001048675.1	suspected_type	species_match	OK	Vibrio diabolicus
GCF_024748275.1	Vibrio diabolicus	50719	Vibrio diabolicus	97.96	GCA_001048675.1	suspected_type	species_match	OK	Vibrio diabolicus
GCF_024748295.1	Vibrio diabolicus	50719	Vibrio diabolicus	97.92	GCA_001048675.1	suspected_type	species_match	OK	Vibrio diabolicus
GCF_024748315.1	Vibrio diabolicus	50719	Vibrio diabolicus	98.01	GCA_001048675.1	suspected_type	species_match	OK	Vibrio diabolicus
GCF_024748335.1	Vibrio diabolicus	50719	Vibrio diabolicus	97.95	GCA_001048675.1	suspected_type	species_match	OK	Vibrio diabolicus
GCF_024748355.1	Vibrio diabolicus	50719	Vibrio diabolicus	98.07	GCA_001048675.1	suspected_type	species_match	OK	Vibrio diabolicus
GCF_024748375.1	Vibrio diabolicus	50719	Vibrio diabolicus	97.86	GCA_001048675.1	suspected_type	species_match	OK	Vibrio diabolicus
GCF_024748395.1	Vibrio diabolicus	50719	Vibrio diabolicus	98.02	GCA_001048675.1	suspected_type	species_match	OK	Vibrio diabolicus
GCF_024748435.1	Vibrio diabolicus	50719	Vibrio diabolicus	97.9	GCA_001048675.1	suspected_type	species_match	OK	Vibrio diabolicus
GCF_024748455.1	Vibrio diabolicus	50719	Vibrio diabolicus	98.02	GCA_001048675.1	suspected_type	species_match	OK	Vibrio diabolicus
GCF_024748475.1	Vibrio diabolicus	50719	Vibrio diabolicus	98.03	GCA_001048675.1	suspected_type	species_match	OK	Vibrio diabolicus
GCF_024748495.1	Vibrio diabolicus	50719	Vibrio diabolicus	97.94	GCA_001048675.1	suspected_type	species_match	OK	Vibrio diabolicus
GCF_024748515.1	Vibrio diabolicus	50719	Vibrio diabolicus	97.85	GCA_001048675.1	suspected_type	species_match	OK	Vibrio diabolicus
GCF_026847595.1	Vibrio diabolicus	50719	Vibrio diabolicus	98.07	GCA_001048675.1	suspected_type	species_match	OK	Vibrio diabolicus
GCF_026847605.1	Vibrio diabolicus	50719	Vibrio diabolicus	98.06	GCA_001048675.1	suspected_type	species_match	OK	Vibrio diabolicus
GCF_026898475.1	Vibrio diabolicus	50719	Vibrio diabolicus	98.04	GCA_001048675.1	suspected_type	species_match	OK	Vibrio diabolicus
GCF_026933185.1	Vibrio diabolicus	50719	Vibrio diabolicus	98.01	GCA_001048675.1	suspected_type	species_match	OK	Vibrio diabolicus
GCF_032970405.1	Vibrio diabolicus	50719	Vibrio diabolicus	98.02	GCA_001048675.1	suspected_type	species_match	OK	Vibrio diabolicus
GCF_032970465.1	Vibrio diabolicus	50719	Vibrio diabolicus	98.02	GCA_001048675.1	suspected_type	species_match	OK	Vibrio diabolicus
GCF_032970485.1	Vibrio diabolicus	50719	Vibrio diabolicus	98.04	GCA_001048675.1	suspected_type	species_match	OK	Vibrio diabolicus
GCF_032970805.1	Vibrio diabolicus	50719	Vibrio diabolicus	97.89	GCA_001048675.1	suspected_type	species_match	OK	Vibrio diabolicus
GCF_036419195.1	Vibrio diabolicus	50719	Vibrio diabolicus	98.06	GCA_001048675.1	suspected_type	species_match	OK	Vibrio diabolicus
GCF_039563865.1	Vibrio diabolicus	50719	Vibrio diabolicus	98.04	GCA_001048675.1	suspected_type	species_match	OK	Vibrio diabolicus
GCF_040719155.1	Vibrio diabolicus	50719	Vibrio diabolicus	97.86	GCA_001048675.1	suspected_type	species_match	OK	Vibrio diabolicus
GCF_040969975.1	Vibrio diabolicus	50719	Vibrio diabolicus	97.85	GCA_001048675.1	suspected_type	species_match	OK	Vibrio diabolicus
GCF_041894645.1	Vibrio diabolicus	50719	Vibrio diabolicus	97.9	GCA_001048675.1	suspected_type	species_match	OK	Vibrio diabolicus
GCF_041894655.1	Vibrio diabolicus	50719	Vibrio diabolicus	97.89	GCA_001048675.1	suspected_type	species_match	OK	Vibrio diabolicus
GCF_041894665.1	Vibrio diabolicus	50719	Vibrio diabolicus	97.86	GCA_001048675.1	suspected_type	species_match	OK	Vibrio diabolicus
GCF_041894685.1	Vibrio diabolicus	50719	Vibrio diabolicus	97.9	GCA_001048675.1	suspected_type	species_match	OK	Vibrio diabolicus
GCF_041894745.1	Vibrio diabolicus	50719	Vibrio diabolicus	97.91	GCA_001048675.1	suspected_type	species_match	OK	Vibrio diabolicus
GCF_041894755.1	Vibrio diabolicus	50719	Vibrio diabolicus	97.98	GCA_001048675.1	suspected_type	species_match	OK	Vibrio diabolicus
GCF_041894765.1	Vibrio diabolicus	50719	Vibrio diabolicus	98.07	GCA_001048675.1	suspected_type	species_match	OK	Vibrio diabolicus
GCF_041894775.1	Vibrio diabolicus	50719	Vibrio diabolicus	98.09	GCA_001048675.1	suspected_type	species_match	OK	Vibrio diabolicus
GCF_041894785.1	Vibrio diabolicus	50719	Vibrio diabolicus	97.98	GCA_001048675.1	suspected_type	species_match	OK	Vibrio diabolicus
GCF_042055065.1	Vibrio diabolicus	50719	Vibrio diabolicus	98.09	GCA_001048675.1	suspected_type	species_match	OK	Vibrio diabolicus
GCF_043498035.1	Vibrio diabolicus	50719	Vibrio diabolicus	98	GCA_001048675.1	suspected_type	species_match	OK	Vibrio diabolicus
GCF_043661035.1	Vibrio diabolicus	50719	Vibrio diabolicus	98.06	GCA_001048675.1	suspected_type	species_match	OK	Vibrio diabolicus
GCF_043661105.1	Vibrio diabolicus	50719	Vibrio diabolicus	97.74	GCA_001048675.1	suspected_type	species_match	OK	Vibrio diabolicus
GCF_043840105.1	Vibrio diabolicus	50719	Vibrio diabolicus	97.98	GCA_001048675.1	suspected_type	species_match	OK	Vibrio diabolicus
GCF_043840245.1	Vibrio diabolicus	50719	Vibrio diabolicus	97.99	GCA_001048675.1	suspected_type	species_match	OK	Vibrio diabolicus
GCF_043840335.1	Vibrio diabolicus	50719	Vibrio diabolicus	97.99	GCA_001048675.1	suspected_type	species_match	OK	Vibrio diabolicus
GCF_043840395.1	Vibrio diabolicus	50719	Vibrio diabolicus	98.04	GCA_001048675.1	suspected_type	species_match	OK	Vibrio diabolicus
GCF_043840415.1	Vibrio diabolicus	50719	Vibrio diabolicus	97.84	GCA_001048675.1	suspected_type	species_match	OK	Vibrio diabolicus
GCF_043840435.1	Vibrio diabolicus	50719	Vibrio diabolicus	98	GCA_001048675.1	suspected_type	species_match	OK	Vibrio diabolicus
GCF_043840665.1	Vibrio diabolicus	50719	Vibrio diabolicus	98.06	GCA_001048675.1	suspected_type	species_match	OK	Vibrio diabolicus
GCF_043840685.1	Vibrio diabolicus	50719	Vibrio diabolicus	97.99	GCA_001048675.1	suspected_type	species_match	OK	Vibrio diabolicus
GCF_043840745.1	Vibrio diabolicus	50719	Vibrio diabolicus	98.04	GCA_001048675.1	suspected_type	species_match	OK	Vibrio diabolicus
GCF_043840905.1	Vibrio diabolicus	50719	Vibrio diabolicus	97.86	GCA_001048675.1	suspected_type	species_match	OK	Vibrio diabolicus
GCF_043842955.1	Vibrio diabolicus	50719	Vibrio diabolicus	98.05	GCA_001048675.1	suspected_type	species_match	OK	Vibrio diabolicus
GCF_043843095.1	Vibrio diabolicus	50719	Vibrio diabolicus	98.05	GCA_001048675.1	suspected_type	species_match	OK	Vibrio diabolicus
GCF_043843235.1	Vibrio diabolicus	50719	Vibrio diabolicus	98.06	GCA_001048675.1	suspected_type	species_match	OK	Vibrio diabolicus
GCF_043843255.1	Vibrio diabolicus	50719	Vibrio diabolicus	98.07	GCA_001048675.1	suspected_type	species_match	OK	Vibrio diabolicus
GCF_043843355.1	Vibrio diabolicus	50719	Vibrio diabolicus	97.9	GCA_001048675.1	suspected_type	species_match	OK	Vibrio diabolicus
GCF_043843405.1	Vibrio diabolicus	50719	Vibrio diabolicus	98.09	GCA_001048675.1	suspected_type	species_match	OK	Vibrio diabolicus
GCF_043843435.1	Vibrio diabolicus	50719	Vibrio diabolicus	98.07	GCA_001048675.1	suspected_type	species_match	OK	Vibrio diabolicus
GCF_043843555.1	Vibrio diabolicus	50719	Vibrio diabolicus	98.1	GCA_001048675.1	suspected_type	species_match	OK	Vibrio diabolicus
GCF_043843575.1	Vibrio diabolicus	50719	Vibrio diabolicus	98.06	GCA_001048675.1	suspected_type	species_match	OK	Vibrio diabolicus
GCF_043843655.1	Vibrio diabolicus	50719	Vibrio diabolicus	98.08	GCA_001048675.1	suspected_type	species_match	OK	Vibrio diabolicus
GCF_043843855.1	Vibrio diabolicus	50719	Vibrio diabolicus	97.98	GCA_001048675.1	suspected_type	species_match	OK	Vibrio diabolicus
GCF_043843975.1	Vibrio diabolicus	50719	Vibrio diabolicus	98.08	GCA_001048675.1	suspected_type	species_match	OK	Vibrio diabolicus
GCF_043844035.1	Vibrio diabolicus	50719	Vibrio diabolicus	98.04	GCA_001048675.1	suspected_type	species_match	OK	Vibrio diabolicus
GCF_043844135.1	Vibrio diabolicus	50719	Vibrio diabolicus	98.03	GCA_001048675.1	suspected_type	species_match	OK	Vibrio diabolicus
GCF_043844215.1	Vibrio diabolicus	50719	Vibrio diabolicus	98.03	GCA_001048675.1	suspected_type	species_match	OK	Vibrio diabolicus
GCF_043844355.1	Vibrio diabolicus	50719	Vibrio diabolicus	98.07	GCA_001048675.1	suspected_type	species_match	OK	Vibrio diabolicus
GCF_043844405.1	Vibrio diabolicus	50719	Vibrio diabolicus	98.06	GCA_001048675.1	suspected_type	species_match	OK	Vibrio diabolicus
GCF_043844425.1	Vibrio diabolicus	50719	Vibrio diabolicus	97.93	GCA_001048675.1	suspected_type	species_match	OK	Vibrio diabolicus
GCF_043844445.1	Vibrio diabolicus	50719	Vibrio diabolicus	98.02	GCA_001048675.1	suspected_type	species_match	OK	Vibrio diabolicus
GCF_043844565.1	Vibrio diabolicus	50719	Vibrio diabolicus	97.99	GCA_001048675.1	suspected_type	species_match	OK	Vibrio diabolicus
GCF_043844605.1	Vibrio diabolicus	50719	Vibrio diabolicus	98.08	GCA_001048675.1	suspected_type	species_match	OK	Vibrio diabolicus
GCF_043844625.1	Vibrio diabolicus	50719	Vibrio diabolicus	98.08	GCA_001048675.1	suspected_type	species_match	OK	Vibrio diabolicus
GCF_043844695.1	Vibrio diabolicus	50719	Vibrio diabolicus	97.86	GCA_001048675.1	suspected_type	species_match	OK	Vibrio diabolicus
GCF_043844735.1	Vibrio diabolicus	50719	Vibrio diabolicus	98.08	GCA_001048675.1	suspected_type	species_match	OK	Vibrio diabolicus
GCF_043844785.1	Vibrio diabolicus	50719	Vibrio diabolicus	97.9	GCA_001048675.1	suspected_type	species_match	OK	Vibrio diabolicus
GCF_043844875.1	Vibrio diabolicus	50719	Vibrio diabolicus	98	GCA_001048675.1	suspected_type	species_match	OK	Vibrio diabolicus
GCF_045586155.1	Vibrio diabolicus	50719	Vibrio diabolicus	97.99	GCA_001048675.1	suspected_type	species_match	OK	Vibrio diabolicus
GCF_046056635.1	Vibrio diabolicus	50719	Vibrio diabolicus	97.9	GCA_001048675.1	suspected_type	species_match	OK	Vibrio diabolicus
GCF_046057055.1	Vibrio diabolicus	50719	Vibrio diabolicus	97.85	GCA_001048675.1	suspected_type	species_match	OK	Vibrio diabolicus
GCF_048820735.1	Vibrio diabolicus	50719	Vibrio diabolicus	98.04	GCA_001048675.1	suspected_type	species_match	OK	Vibrio diabolicus
GCF_050875585.1	Vibrio diabolicus	50719	Vibrio diabolicus	97.97	GCA_001048675.1	suspected_type	species_match	OK	Vibrio diabolicus
GCF_050875605.1	Vibrio diabolicus	50719	Vibrio diabolicus	98.08	GCA_001048675.1	suspected_type	species_match	OK	Vibrio diabolicus
GCF_050875765.1	Vibrio diabolicus	50719	Vibrio diabolicus	97.99	GCA_001048675.1	suspected_type	species_match	OK	Vibrio diabolicus
GCF_050875825.1	Vibrio diabolicus	50719	Vibrio diabolicus	97.89	GCA_001048675.1	suspected_type	species_match	OK	Vibrio diabolicus
GCF_050876145.1	Vibrio diabolicus	50719	Vibrio diabolicus	97.99	GCA_001048675.1	suspected_type	species_match	OK	Vibrio diabolicus
GCF_050876325.1	Vibrio diabolicus	50719	Vibrio diabolicus	97.99	GCA_001048675.1	suspected_type	species_match	OK	Vibrio diabolicus
GCF_050877105.1	Vibrio diabolicus	50719	Vibrio diabolicus	98.02	GCA_001048675.1	suspected_type	species_match	OK	Vibrio diabolicus
GCF_050877125.1	Vibrio diabolicus	50719	Vibrio diabolicus	98.07	GCA_001048675.1	suspected_type	species_match	OK	Vibrio diabolicus
GCF_052037565.1	Vibrio diabolicus	50719	Vibrio diabolicus	97.99	GCA_001048675.1	suspected_type	species_match	OK	Vibrio diabolicus
GCF_052037675.1	Vibrio diabolicus	50719	Vibrio diabolicus	97.01	GCA_001048675.1	suspected_type	species_match	OK	Vibrio diabolicus
GCF_052879055.1	Vibrio diabolicus	50719	Vibrio diabolicus	97.98	GCA_001048675.1	suspected_type	species_match	OK	Vibrio diabolicus
GCF_052879275.1	Vibrio diabolicus	50719	Vibrio diabolicus	98.03	GCA_001048675.1	suspected_type	species_match	OK	Vibrio diabolicus
GCF_052879475.1	Vibrio diabolicus	50719	Vibrio diabolicus	97.94	GCA_001048675.1	suspected_type	species_match	OK	Vibrio diabolicus
GCF_053348535.1	Vibrio diabolicus	50719	Vibrio diabolicus	98.02	GCA_001048675.1	suspected_type	species_match	OK	Vibrio diabolicus
GCF_053348575.1	Vibrio diabolicus	50719	Vibrio diabolicus	98.04	GCA_001048675.1	suspected_type	species_match	OK	Vibrio diabolicus
GCF_053348615.1	Vibrio diabolicus	50719	Vibrio diabolicus	98.05	GCA_001048675.1	suspected_type	species_match	OK	Vibrio diabolicus
GCF_054111865.1	Vibrio diabolicus	50719	Vibrio diabolicus	97.94	GCA_001048675.1	suspected_type	species_match	OK	Vibrio diabolicus
GCF_056531025.1	Vibrio diabolicus	50719	Vibrio diabolicus	98.11	GCA_001048675.1	suspected_type	species_match	OK	Vibrio diabolicus
GCF_057798455.1	Vibrio diabolicus	50719	Vibrio diabolicus	98.08	GCA_001048675.1	suspected_type	species_match	OK	Vibrio diabolicus
GCF_057798535.1	Vibrio diabolicus	50719	Vibrio diabolicus	98.06	GCA_001048675.1	suspected_type	species_match	OK	Vibrio diabolicus
GCF_057798575.1	Vibrio diabolicus	50719	Vibrio diabolicus	98.07	GCA_001048675.1	suspected_type	species_match	OK	Vibrio diabolicus
GCF_057798635.1	Vibrio diabolicus	50719	Vibrio diabolicus	98.05	GCA_001048675.1	suspected_type	species_match	OK	Vibrio diabolicus
GCF_057798655.1	Vibrio diabolicus	50719	Vibrio diabolicus	98.05	GCA_001048675.1	suspected_type	species_match	OK	Vibrio diabolicus
GCF_057798795.1	Vibrio diabolicus	50719	Vibrio diabolicus	97.99	GCA_001048675.1	suspected_type	species_match	OK	Vibrio diabolicus
GCF_058148205.1	Vibrio diabolicus	50719	Vibrio diabolicus	98.06	GCA_001048675.1	suspected_type	species_match	OK	Vibrio diabolicus
GCF_058148245.1	Vibrio diabolicus	50719	Vibrio diabolicus	98.06	GCA_001048675.1	suspected_type	species_match	OK	Vibrio diabolicus
GCF_058148265.1	Vibrio diabolicus	50719	Vibrio diabolicus	98.09	GCA_001048675.1	suspected_type	species_match	OK	Vibrio diabolicus
GCF_058148365.1	Vibrio diabolicus	50719	Vibrio diabolicus	98.05	GCA_001048675.1	suspected_type	species_match	OK	Vibrio diabolicus
GCF_903986725.1	Vibrio diabolicus	50719	Vibrio diabolicus	98.04	GCA_001048675.1	suspected_type	species_match	OK	Vibrio diabolicus
GCF_903986945.1	Vibrio diabolicus	50719	Vibrio diabolicus	98.02	GCA_001048675.1	suspected_type	species_match	OK	Vibrio diabolicus
GCF_903986995.1	Vibrio diabolicus	50719	Vibrio diabolicus	97.94	GCA_001048675.1	suspected_type	species_match	OK	Vibrio diabolicus
GCF_947492095.1	Vibrio diabolicus	50719	Vibrio diabolicus	98	GCA_001048675.1	suspected_type	species_match	OK	Vibrio diabolicus
GCF_947497575.1	Vibrio diabolicus	50719	Vibrio diabolicus	97.99	GCA_001048675.1	suspected_type	species_match	OK	Vibrio diabolicus
GCF_947497845.1	Vibrio diabolicus	50719	Vibrio diabolicus	97.95	GCA_001048675.1	suspected_type	species_match	OK	Vibrio diabolicus
GCF_947497995.1	Vibrio diabolicus	50719	Vibrio diabolicus	97.91	GCA_001048675.1	suspected_type	species_match	OK	Vibrio diabolicus
GCF_947498945.1	Vibrio diabolicus	50719	Vibrio diabolicus	98	GCA_001048675.1	suspected_type	species_match	OK	Vibrio diabolicus
GCF_947501345.1	Vibrio diabolicus	50719	Vibrio diabolicus	98	GCA_001048675.1	suspected_type	species_match	OK	Vibrio diabolicus
GCF_947503745.1	Vibrio diabolicus	50719	Vibrio diabolicus	97.97	GCA_001048675.1	suspected_type	species_match	OK	Vibrio diabolicus
GCA_000962815.1	Vibrio diabolicus	50719	Vibrio diabolicus	97.99	GCA_001048675.1	suspected_type	species_match	OK	Vibrio diabolicus
GCA_001010935.1	Vibrio diabolicus	50719	Vibrio diabolicus	97.88	GCA_001048675.1	suspected_type	species_match	OK	Vibrio diabolicus
GCA_001048675.1	Vibrio diabolicus	50719	Vibrio chemaguriensis	98.11	GCA_012275705.1	suspected_type	mismatch	Inconclusive	Vibrio diabolicus
GCA_001691185.1	Vibrio diabolicus	50719	Vibrio diabolicus	97.9	GCA_001048675.1	suspected_type	species_match	OK	Vibrio diabolicus
GCA_002953335.1	Vibrio diabolicus	50719	Vibrio diabolicus	97.87	GCA_001048675.1	suspected_type	species_match	OK	Vibrio diabolicus
GCA_002953355.1	Vibrio diabolicus	50719	Vibrio diabolicus	98.09	GCA_001048675.1	suspected_type	species_match	OK	Vibrio diabolicus
GCA_002953395.1	Vibrio diabolicus	50719	Vibrio diabolicus	98.07	GCA_001048675.1	suspected_type	species_match	OK	Vibrio diabolicus
GCA_003798525.1	Vibrio diabolicus	50719	Vibrio diabolicus	98.02	GCA_001048675.1	suspected_type	species_match	OK	Vibrio diabolicus
GCA_004522045.1	Vibrio diabolicus	50719	Vibrio diabolicus	98.03	GCA_001048675.1	suspected_type	species_match	OK	Vibrio diabolicus
GCA_006151825.1	Vibrio diabolicus	50719	Vibrio diabolicus	97.88	GCA_001048675.1	suspected_type	species_match	OK	Vibrio diabolicus
GCA_008757025.1	Vibrio diabolicus	50719	Vibrio diabolicus	98.07	GCA_001048675.1	suspected_type	species_match	OK	Vibrio diabolicus
GCA_010894395.1	Vibrio diabolicus	50719	Vibrio diabolicus	98.1	GCA_001048675.1	suspected_type	species_match	OK	Vibrio diabolicus
GCA_011801455.1	Vibrio diabolicus	50719	Vibrio diabolicus	98.08	GCA_001048675.1	suspected_type	species_match	OK	Vibrio diabolicus
GCA_013332575.1	Vibrio diabolicus	50719	Vibrio diabolicus	98.2	GCA_001048675.1	suspected_type	species_match	OK	Vibrio diabolicus
GCA_013368925.1	Vibrio diabolicus	50719	Vibrio diabolicus	97.94	GCA_001048675.1	suspected_type	species_match	OK	Vibrio diabolicus
GCA_015160835.1	Vibrio diabolicus	50719	Vibrio diabolicus	98.1	GCA_001048675.1	suspected_type	species_match	OK	Vibrio diabolicus
GCA_016812015.1	Vibrio diabolicus	50719	Vibrio diabolicus	97.85	GCA_001048675.1	suspected_type	species_match	OK	Vibrio diabolicus
GCA_016825335.1	Vibrio diabolicus	50719	Vibrio diabolicus	98.04	GCA_001048675.1	suspected_type	species_match	OK	Vibrio diabolicus
GCA_019273595.1	Vibrio diabolicus	50719	Vibrio diabolicus	97.93	GCA_001048675.1	suspected_type	species_match	OK	Vibrio diabolicus
GCA_020717785.1	Vibrio diabolicus	50719	Vibrio diabolicus	98.12	GCA_001048675.1	suspected_type	species_match	OK	Vibrio diabolicus
GCA_021322875.1	Vibrio diabolicus	50719	Vibrio diabolicus	97.97	GCA_001048675.1	suspected_type	species_match	OK	Vibrio diabolicus
GCA_021440175.1	Vibrio diabolicus	50719	Vibrio diabolicus	98	GCA_001048675.1	suspected_type	species_match	OK	Vibrio diabolicus
GCA_022288885.1	Vibrio diabolicus	50719	Vibrio diabolicus	98	GCA_001048675.1	suspected_type	species_match	OK	Vibrio diabolicus
GCA_022288955.1	Vibrio diabolicus	50719	Vibrio diabolicus	97.99	GCA_001048675.1	suspected_type	species_match	OK	Vibrio diabolicus
GCA_022288995.1	Vibrio diabolicus	50719	Vibrio diabolicus	98.01	GCA_001048675.1	suspected_type	species_match	OK	Vibrio diabolicus
GCA_022289055.1	Vibrio diabolicus	50719	Vibrio diabolicus	98	GCA_001048675.1	suspected_type	species_match	OK	Vibrio diabolicus
GCA_022395435.1	Vibrio diabolicus	50719	Vibrio diabolicus	98.04	GCA_001048675.1	suspected_type	species_match	OK	Vibrio diabolicus
GCA_022398015.1	Vibrio diabolicus	50719	Vibrio diabolicus	98.04	GCA_001048675.1	suspected_type	species_match	OK	Vibrio diabolicus
GCA_022398055.1	Vibrio diabolicus	50719	Vibrio diabolicus	98.05	GCA_001048675.1	suspected_type	species_match	OK	Vibrio diabolicus
GCA_022398075.1	Vibrio diabolicus	50719	Vibrio diabolicus	98.06	GCA_001048675.1	suspected_type	species_match	OK	Vibrio diabolicus
GCA_022398225.1	Vibrio diabolicus	50719	Vibrio diabolicus	98.12	GCA_001048675.1	suspected_type	species_match	OK	Vibrio diabolicus
GCA_024531135.1	Vibrio diabolicus	50719	Vibrio diabolicus	97.96	GCA_001048675.1	suspected_type	species_match	OK	Vibrio diabolicus
GCA_024531155.1	Vibrio diabolicus	50719	Vibrio diabolicus	98.05	GCA_001048675.1	suspected_type	species_match	OK	Vibrio diabolicus
GCA_024581015.1	Vibrio diabolicus	50719	Vibrio diabolicus	97.92	GCA_001048675.1	suspected_type	species_match	OK	Vibrio diabolicus
GCA_024743715.1	Vibrio diabolicus	50719	Vibrio diabolicus	97.9	GCA_001048675.1	suspected_type	species_match	OK	Vibrio diabolicus
GCA_024743735.1	Vibrio diabolicus	50719	Vibrio diabolicus	97.9	GCA_001048675.1	suspected_type	species_match	OK	Vibrio diabolicus
GCA_024744025.1	Vibrio diabolicus	50719	Vibrio diabolicus	98.04	GCA_001048675.1	suspected_type	species_match	OK	Vibrio diabolicus
GCA_024744635.1	Vibrio diabolicus	50719	Vibrio diabolicus	97.96	GCA_001048675.1	suspected_type	species_match	OK	Vibrio diabolicus
GCA_024747875.1	Vibrio diabolicus	50719	Vibrio diabolicus	97.87	GCA_001048675.1	suspected_type	species_match	OK	Vibrio diabolicus
GCA_024747885.1	Vibrio diabolicus	50719	Vibrio diabolicus	97.92	GCA_001048675.1	suspected_type	species_match	OK	Vibrio diabolicus
GCA_024747905.1	Vibrio diabolicus	50719	Vibrio diabolicus	97.85	GCA_001048675.1	suspected_type	species_match	OK	Vibrio diabolicus
GCA_024747935.1	Vibrio diabolicus	50719	Vibrio diabolicus	98.03	GCA_001048675.1	suspected_type	species_match	OK	Vibrio diabolicus
GCA_024747945.1	Vibrio diabolicus	50719	Vibrio diabolicus	97.84	GCA_001048675.1	suspected_type	species_match	OK	Vibrio diabolicus
GCA_024747975.1	Vibrio diabolicus	50719	Vibrio diabolicus	97.97	GCA_001048675.1	suspected_type	species_match	OK	Vibrio diabolicus
GCA_024747995.1	Vibrio diabolicus	50719	Vibrio diabolicus	98.02	GCA_001048675.1	suspected_type	species_match	OK	Vibrio diabolicus
GCA_024748015.1	Vibrio diabolicus	50719	Vibrio diabolicus	97.95	GCA_001048675.1	suspected_type	species_match	OK	Vibrio diabolicus
GCA_024748035.1	Vibrio diabolicus	50719	Vibrio diabolicus	98.02	GCA_001048675.1	suspected_type	species_match	OK	Vibrio diabolicus
GCA_024748045.1	Vibrio diabolicus	50719	Vibrio diabolicus	98.02	GCA_001048675.1	suspected_type	species_match	OK	Vibrio diabolicus
GCA_024748065.1	Vibrio diabolicus	50719	Vibrio diabolicus	97.94	GCA_001048675.1	suspected_type	species_match	OK	Vibrio diabolicus
GCA_024748095.1	Vibrio diabolicus	50719	Vibrio diabolicus	97.86	GCA_001048675.1	suspected_type	species_match	OK	Vibrio diabolicus
GCA_024748115.1	Vibrio diabolicus	50719	Vibrio diabolicus	97.83	GCA_001048675.1	suspected_type	species_match	OK	Vibrio diabolicus
GCA_024748135.1	Vibrio diabolicus	50719	Vibrio diabolicus	97.87	GCA_001048675.1	suspected_type	species_match	OK	Vibrio diabolicus
GCA_024748155.1	Vibrio diabolicus	50719	Vibrio diabolicus	98.05	GCA_001048675.1	suspected_type	species_match	OK	Vibrio diabolicus
GCA_024748175.1	Vibrio diabolicus	50719	Vibrio diabolicus	97.95	GCA_001048675.1	suspected_type	species_match	OK	Vibrio diabolicus
GCA_024748195.1	Vibrio diabolicus	50719	Vibrio diabolicus	97.9	GCA_001048675.1	suspected_type	species_match	OK	Vibrio diabolicus
GCA_024748215.1	Vibrio diabolicus	50719	Vibrio diabolicus	97.92	GCA_001048675.1	suspected_type	species_match	OK	Vibrio diabolicus
GCA_024748225.1	Vibrio diabolicus	50719	Vibrio diabolicus	97.89	GCA_001048675.1	suspected_type	species_match	OK	Vibrio diabolicus
GCA_024748235.1	Vibrio diabolicus	50719	Vibrio diabolicus	97.86	GCA_001048675.1	suspected_type	species_match	OK	Vibrio diabolicus
GCA_024748275.1	Vibrio diabolicus	50719	Vibrio diabolicus	97.96	GCA_001048675.1	suspected_type	species_match	OK	Vibrio diabolicus
GCA_024748295.1	Vibrio diabolicus	50719	Vibrio diabolicus	97.92	GCA_001048675.1	suspected_type	species_match	OK	Vibrio diabolicus
GCA_024748315.1	Vibrio diabolicus	50719	Vibrio diabolicus	98.01	GCA_001048675.1	suspected_type	species_match	OK	Vibrio diabolicus
GCA_024748335.1	Vibrio diabolicus	50719	Vibrio diabolicus	97.95	GCA_001048675.1	suspected_type	species_match	OK	Vibrio diabolicus
GCA_024748355.1	Vibrio diabolicus	50719	Vibrio diabolicus	98.07	GCA_001048675.1	suspected_type	species_match	OK	Vibrio diabolicus
GCA_024748375.1	Vibrio diabolicus	50719	Vibrio diabolicus	97.86	GCA_001048675.1	suspected_type	species_match	OK	Vibrio diabolicus
GCA_024748395.1	Vibrio diabolicus	50719	Vibrio diabolicus	98.02	GCA_001048675.1	suspected_type	species_match	OK	Vibrio diabolicus
GCA_024748435.1	Vibrio diabolicus	50719	Vibrio diabolicus	97.9	GCA_001048675.1	suspected_type	species_match	OK	Vibrio diabolicus
GCA_024748455.1	Vibrio diabolicus	50719	Vibrio diabolicus	98.02	GCA_001048675.1	suspected_type	species_match	OK	Vibrio diabolicus
GCA_024748475.1	Vibrio diabolicus	50719	Vibrio diabolicus	98.03	GCA_001048675.1	suspected_type	species_match	OK	Vibrio diabolicus
GCA_024748495.1	Vibrio diabolicus	50719	Vibrio diabolicus	97.94	GCA_001048675.1	suspected_type	species_match	OK	Vibrio diabolicus
GCA_024748515.1	Vibrio diabolicus	50719	Vibrio diabolicus	97.85	GCA_001048675.1	suspected_type	species_match	OK	Vibrio diabolicus
GCA_026847595.1	Vibrio diabolicus	50719	Vibrio diabolicus	98.07	GCA_001048675.1	suspected_type	species_match	OK	Vibrio diabolicus
GCA_026847605.1	Vibrio diabolicus	50719	Vibrio diabolicus	98.06	GCA_001048675.1	suspected_type	species_match	OK	Vibrio diabolicus
GCA_026898475.1	Vibrio diabolicus	50719	Vibrio diabolicus	98.04	GCA_001048675.1	suspected_type	species_match	OK	Vibrio diabolicus
GCA_026933185.1	Vibrio diabolicus	50719	Vibrio diabolicus	98.01	GCA_001048675.1	suspected_type	species_match	OK	Vibrio diabolicus
GCA_030594265.1	Vibrio diabolicus	50719	Vibrio diabolicus	98.09	GCA_001048675.1	suspected_type	species_match	OK	Vibrio diabolicus
GCA_031154255.1	Vibrio diabolicus	50719	Vibrio diabolicus	97.93	GCA_001048675.1	suspected_type	species_match	OK	Vibrio diabolicus
GCA_032970405.1	Vibrio diabolicus	50719	Vibrio diabolicus	98.02	GCA_001048675.1	suspected_type	species_match	OK	Vibrio diabolicus
GCA_032970465.1	Vibrio diabolicus	50719	Vibrio diabolicus	98.02	GCA_001048675.1	suspected_type	species_match	OK	Vibrio diabolicus
GCA_032970485.1	Vibrio diabolicus	50719	Vibrio diabolicus	98.04	GCA_001048675.1	suspected_type	species_match	OK	Vibrio diabolicus
GCA_032970805.1	Vibrio diabolicus	50719	Vibrio diabolicus	97.89	GCA_001048675.1	suspected_type	species_match	OK	Vibrio diabolicus
GCA_036419195.1	Vibrio diabolicus	50719	Vibrio diabolicus	98.06	GCA_001048675.1	suspected_type	species_match	OK	Vibrio diabolicus
GCA_039563865.1	Vibrio diabolicus	50719	Vibrio diabolicus	98.04	GCA_001048675.1	suspected_type	species_match	OK	Vibrio diabolicus
GCA_040719155.1	Vibrio diabolicus	50719	Vibrio diabolicus	97.86	GCA_001048675.1	suspected_type	species_match	OK	Vibrio diabolicus
GCA_040969975.1	Vibrio diabolicus	50719	Vibrio diabolicus	97.85	GCA_001048675.1	suspected_type	species_match	OK	Vibrio diabolicus
GCA_041894645.1	Vibrio diabolicus	50719	Vibrio diabolicus	97.9	GCA_001048675.1	suspected_type	species_match	OK	Vibrio diabolicus
GCA_041894655.1	Vibrio diabolicus	50719	Vibrio diabolicus	97.89	GCA_001048675.1	suspected_type	species_match	OK	Vibrio diabolicus
GCA_041894665.1	Vibrio diabolicus	50719	Vibrio diabolicus	97.86	GCA_001048675.1	suspected_type	species_match	OK	Vibrio diabolicus
GCA_041894685.1	Vibrio diabolicus	50719	Vibrio diabolicus	97.9	GCA_001048675.1	suspected_type	species_match	OK	Vibrio diabolicus
GCA_041894745.1	Vibrio diabolicus	50719	Vibrio diabolicus	97.91	GCA_001048675.1	suspected_type	species_match	OK	Vibrio diabolicus
GCA_041894755.1	Vibrio diabolicus	50719	Vibrio diabolicus	97.98	GCA_001048675.1	suspected_type	species_match	OK	Vibrio diabolicus
GCA_041894765.1	Vibrio diabolicus	50719	Vibrio diabolicus	98.07	GCA_001048675.1	suspected_type	species_match	OK	Vibrio diabolicus
GCA_041894775.1	Vibrio diabolicus	50719	Vibrio diabolicus	98.09	GCA_001048675.1	suspected_type	species_match	OK	Vibrio diabolicus
GCA_041894785.1	Vibrio diabolicus	50719	Vibrio diabolicus	97.98	GCA_001048675.1	suspected_type	species_match	OK	Vibrio diabolicus
GCA_042055065.1	Vibrio diabolicus	50719	Vibrio diabolicus	98.09	GCA_001048675.1	suspected_type	species_match	OK	Vibrio diabolicus
GCA_043498035.1	Vibrio diabolicus	50719	Vibrio diabolicus	98	GCA_001048675.1	suspected_type	species_match	OK	Vibrio diabolicus
GCA_043661035.1	Vibrio diabolicus	50719	Vibrio diabolicus	98.06	GCA_001048675.1	suspected_type	species_match	OK	Vibrio diabolicus
GCA_043661105.1	Vibrio diabolicus	50719	Vibrio diabolicus	97.74	GCA_001048675.1	suspected_type	species_match	OK	Vibrio diabolicus
GCA_043840105.1	Vibrio diabolicus	50719	Vibrio diabolicus	97.98	GCA_001048675.1	suspected_type	species_match	OK	Vibrio diabolicus
GCA_043840125.1	Vibrio diabolicus	50719	Vibrio diabolicus	97.99	GCA_001048675.1	suspected_type	species_match	OK	Vibrio diabolicus
GCA_043840245.1	Vibrio diabolicus	50719	Vibrio diabolicus	97.99	GCA_001048675.1	suspected_type	species_match	OK	Vibrio diabolicus
GCA_043840335.1	Vibrio diabolicus	50719	Vibrio diabolicus	97.99	GCA_001048675.1	suspected_type	species_match	OK	Vibrio diabolicus
GCA_043840395.1	Vibrio diabolicus	50719	Vibrio diabolicus	98.04	GCA_001048675.1	suspected_type	species_match	OK	Vibrio diabolicus
GCA_043840415.1	Vibrio diabolicus	50719	Vibrio diabolicus	97.84	GCA_001048675.1	suspected_type	species_match	OK	Vibrio diabolicus
GCA_043840435.1	Vibrio diabolicus	50719	Vibrio diabolicus	98	GCA_001048675.1	suspected_type	species_match	OK	Vibrio diabolicus
GCA_043840665.1	Vibrio diabolicus	50719	Vibrio diabolicus	98.06	GCA_001048675.1	suspected_type	species_match	OK	Vibrio diabolicus
GCA_043840685.1	Vibrio diabolicus	50719	Vibrio diabolicus	97.99	GCA_001048675.1	suspected_type	species_match	OK	Vibrio diabolicus
GCA_043840745.1	Vibrio diabolicus	50719	Vibrio diabolicus	98.04	GCA_001048675.1	suspected_type	species_match	OK	Vibrio diabolicus
GCA_043840905.1	Vibrio diabolicus	50719	Vibrio diabolicus	97.86	GCA_001048675.1	suspected_type	species_match	OK	Vibrio diabolicus
GCA_043842955.1	Vibrio diabolicus	50719	Vibrio diabolicus	98.05	GCA_001048675.1	suspected_type	species_match	OK	Vibrio diabolicus
GCA_043843095.1	Vibrio diabolicus	50719	Vibrio diabolicus	98.05	GCA_001048675.1	suspected_type	species_match	OK	Vibrio diabolicus
GCA_043843235.1	Vibrio diabolicus	50719	Vibrio diabolicus	98.06	GCA_001048675.1	suspected_type	species_match	OK	Vibrio diabolicus
GCA_043843255.1	Vibrio diabolicus	50719	Vibrio diabolicus	98.07	GCA_001048675.1	suspected_type	species_match	OK	Vibrio diabolicus
GCA_043843315.1	Vibrio diabolicus	50719	Vibrio diabolicus	98.07	GCA_001048675.1	suspected_type	species_match	OK	Vibrio diabolicus
GCA_043843355.1	Vibrio diabolicus	50719	Vibrio diabolicus	97.9	GCA_001048675.1	suspected_type	species_match	OK	Vibrio diabolicus
GCA_043843405.1	Vibrio diabolicus	50719	Vibrio diabolicus	98.09	GCA_001048675.1	suspected_type	species_match	OK	Vibrio diabolicus
GCA_043843435.1	Vibrio diabolicus	50719	Vibrio diabolicus	98.07	GCA_001048675.1	suspected_type	species_match	OK	Vibrio diabolicus
GCA_043843555.1	Vibrio diabolicus	50719	Vibrio diabolicus	98.1	GCA_001048675.1	suspected_type	species_match	OK	Vibrio diabolicus
GCA_043843575.1	Vibrio diabolicus	50719	Vibrio diabolicus	98.06	GCA_001048675.1	suspected_type	species_match	OK	Vibrio diabolicus
GCA_043843655.1	Vibrio diabolicus	50719	Vibrio diabolicus	98.08	GCA_001048675.1	suspected_type	species_match	OK	Vibrio diabolicus
GCA_043843855.1	Vibrio diabolicus	50719	Vibrio diabolicus	97.98	GCA_001048675.1	suspected_type	species_match	OK	Vibrio diabolicus
GCA_043843975.1	Vibrio diabolicus	50719	Vibrio diabolicus	98.08	GCA_001048675.1	suspected_type	species_match	OK	Vibrio diabolicus
GCA_043844035.1	Vibrio diabolicus	50719	Vibrio diabolicus	98.04	GCA_001048675.1	suspected_type	species_match	OK	Vibrio diabolicus
GCA_043844135.1	Vibrio diabolicus	50719	Vibrio diabolicus	98.03	GCA_001048675.1	suspected_type	species_match	OK	Vibrio diabolicus
GCA_043844215.1	Vibrio diabolicus	50719	Vibrio diabolicus	98.03	GCA_001048675.1	suspected_type	species_match	OK	Vibrio diabolicus
GCA_043844355.1	Vibrio diabolicus	50719	Vibrio diabolicus	98.07	GCA_001048675.1	suspected_type	species_match	OK	Vibrio diabolicus
GCA_043844405.1	Vibrio diabolicus	50719	Vibrio diabolicus	98.06	GCA_001048675.1	suspected_type	species_match	OK	Vibrio diabolicus
GCA_043844425.1	Vibrio diabolicus	50719	Vibrio diabolicus	97.93	GCA_001048675.1	suspected_type	species_match	OK	Vibrio diabolicus
GCA_043844445.1	Vibrio diabolicus	50719	Vibrio diabolicus	98.02	GCA_001048675.1	suspected_type	species_match	OK	Vibrio diabolicus
GCA_043844565.1	Vibrio diabolicus	50719	Vibrio diabolicus	97.99	GCA_001048675.1	suspected_type	species_match	OK	Vibrio diabolicus
GCA_043844605.1	Vibrio diabolicus	50719	Vibrio diabolicus	98.08	GCA_001048675.1	suspected_type	species_match	OK	Vibrio diabolicus
GCA_043844625.1	Vibrio diabolicus	50719	Vibrio diabolicus	98.08	GCA_001048675.1	suspected_type	species_match	OK	Vibrio diabolicus
GCA_043844695.1	Vibrio diabolicus	50719	Vibrio diabolicus	97.86	GCA_001048675.1	suspected_type	species_match	OK	Vibrio diabolicus
GCA_043844735.1	Vibrio diabolicus	50719	Vibrio diabolicus	98.08	GCA_001048675.1	suspected_type	species_match	OK	Vibrio diabolicus
GCA_043844785.1	Vibrio diabolicus	50719	Vibrio diabolicus	97.9	GCA_001048675.1	suspected_type	species_match	OK	Vibrio diabolicus
GCA_043844875.1	Vibrio diabolicus	50719	Vibrio diabolicus	98	GCA_001048675.1	suspected_type	species_match	OK	Vibrio diabolicus
GCA_043844935.1	Vibrio diabolicus	50719	Vibrio diabolicus	97.98	GCA_001048675.1	suspected_type	species_match	OK	Vibrio diabolicus
GCA_045586155.1	Vibrio diabolicus	50719	Vibrio diabolicus	97.99	GCA_001048675.1	suspected_type	species_match	OK	Vibrio diabolicus
GCA_046056635.1	Vibrio diabolicus	50719	Vibrio diabolicus	97.9	GCA_001048675.1	suspected_type	species_match	OK	Vibrio diabolicus
GCA_046057055.1	Vibrio diabolicus	50719	Vibrio diabolicus	97.85	GCA_001048675.1	suspected_type	species_match	OK	Vibrio diabolicus
GCA_048265885.1	Vibrio diabolicus	50719	Vibrio diabolicus	98.09	GCA_001048675.1	suspected_type	species_match	OK	Vibrio diabolicus
GCA_048266605.1	Vibrio diabolicus	50719	Vibrio diabolicus	98.02	GCA_001048675.1	suspected_type	species_match	OK	Vibrio diabolicus
GCA_048820735.1	Vibrio diabolicus	50719	Vibrio diabolicus	98.04	GCA_001048675.1	suspected_type	species_match	OK	Vibrio diabolicus
GCA_049463735.1	Vibrio diabolicus	50719	Vibrio diabolicus	97.91	GCA_001048675.1	suspected_type	species_match	OK	Vibrio diabolicus
GCA_049463835.1	Vibrio diabolicus	50719	Vibrio diabolicus	97.93	GCA_001048675.1	suspected_type	species_match	OK	Vibrio diabolicus
GCA_049463955.1	Vibrio diabolicus	50719	Vibrio diabolicus	97.83	GCA_001048675.1	suspected_type	species_match	OK	Vibrio diabolicus
GCA_049463975.1	Vibrio diabolicus	50719	Vibrio diabolicus	97.97	GCA_001048675.1	suspected_type	species_match	OK	Vibrio diabolicus
GCA_049464025.1	Vibrio diabolicus	50719	Vibrio diabolicus	97.95	GCA_001048675.1	suspected_type	species_match	OK	Vibrio diabolicus
GCA_049464075.1	Vibrio diabolicus	50719	Vibrio diabolicus	97.91	GCA_001048675.1	suspected_type	species_match	OK	Vibrio diabolicus
GCA_049464095.1	Vibrio diabolicus	50719	Vibrio diabolicus	97.86	GCA_001048675.1	suspected_type	species_match	OK	Vibrio diabolicus
GCA_049464155.1	Vibrio diabolicus	50719	Vibrio diabolicus	97.95	GCA_001048675.1	suspected_type	species_match	OK	Vibrio diabolicus
GCA_049464195.1	Vibrio diabolicus	50719	Vibrio diabolicus	97.94	GCA_001048675.1	suspected_type	species_match	OK	Vibrio diabolicus
GCA_049464315.1	Vibrio diabolicus	50719	Vibrio diabolicus	98.02	GCA_001048675.1	suspected_type	species_match	OK	Vibrio diabolicus
GCA_049464415.1	Vibrio diabolicus	50719	Vibrio diabolicus	97.96	GCA_001048675.1	suspected_type	species_match	OK	Vibrio diabolicus
GCA_049464595.1	Vibrio diabolicus	50719	Vibrio diabolicus	97.91	GCA_001048675.1	suspected_type	species_match	OK	Vibrio diabolicus
GCA_049464655.1	Vibrio diabolicus	50719	Vibrio diabolicus	97.76	GCA_001048675.1	suspected_type	species_match	OK	Vibrio diabolicus
GCA_049464675.1	Vibrio diabolicus	50719	Vibrio diabolicus	97.76	GCA_001048675.1	suspected_type	species_match	OK	Vibrio diabolicus
GCA_049464775.1	Vibrio diabolicus	50719	Vibrio diabolicus	97.89	GCA_001048675.1	suspected_type	species_match	OK	Vibrio diabolicus
GCA_049464815.1	Vibrio diabolicus	50719	Vibrio diabolicus	97.92	GCA_001048675.1	suspected_type	species_match	OK	Vibrio diabolicus
GCA_049464895.1	Vibrio diabolicus	50719	Vibrio diabolicus	97.84	GCA_001048675.1	suspected_type	species_match	OK	Vibrio diabolicus
GCA_049464975.1	Vibrio diabolicus	50719	Vibrio diabolicus	97.91	GCA_001048675.1	suspected_type	species_match	OK	Vibrio diabolicus
GCA_049465005.1	Vibrio diabolicus	50719	Vibrio diabolicus	97.91	GCA_001048675.1	suspected_type	species_match	OK	Vibrio diabolicus
GCA_049465075.1	Vibrio diabolicus	50719	Vibrio diabolicus	97.91	GCA_001048675.1	suspected_type	species_match	OK	Vibrio diabolicus
GCA_049465115.1	Vibrio diabolicus	50719	Vibrio diabolicus	97.91	GCA_001048675.1	suspected_type	species_match	OK	Vibrio diabolicus
GCA_049465135.1	Vibrio diabolicus	50719	Vibrio diabolicus	97.99	GCA_001048675.1	suspected_type	species_match	OK	Vibrio diabolicus
GCA_049465195.1	Vibrio diabolicus	50719	Vibrio diabolicus	97.82	GCA_001048675.1	suspected_type	species_match	OK	Vibrio diabolicus
GCA_049465235.1	Vibrio diabolicus	50719	Vibrio diabolicus	97.85	GCA_001048675.1	suspected_type	species_match	OK	Vibrio diabolicus
GCA_049465385.1	Vibrio diabolicus	50719	Vibrio diabolicus	98.06	GCA_001048675.1	suspected_type	species_match	OK	Vibrio diabolicus
GCA_049465435.1	Vibrio diabolicus	50719	Vibrio diabolicus	97.94	GCA_001048675.1	suspected_type	species_match	OK	Vibrio diabolicus
GCA_049465475.1	Vibrio diabolicus	50719	Vibrio diabolicus	98.04	GCA_001048675.1	suspected_type	species_match	OK	Vibrio diabolicus
GCA_049465495.1	Vibrio diabolicus	50719	Vibrio diabolicus	98.04	GCA_001048675.1	suspected_type	species_match	OK	Vibrio diabolicus
GCA_049465575.1	Vibrio diabolicus	50719	Vibrio diabolicus	98.09	GCA_001048675.1	suspected_type	species_match	OK	Vibrio diabolicus
GCA_049465595.1	Vibrio diabolicus	50719	Vibrio diabolicus	97.85	GCA_001048675.1	suspected_type	species_match	OK	Vibrio diabolicus
GCA_049465635.1	Vibrio diabolicus	50719	Vibrio diabolicus	98.06	GCA_001048675.1	suspected_type	species_match	OK	Vibrio diabolicus
GCA_049465695.1	Vibrio diabolicus	50719	Vibrio diabolicus	97.9	GCA_001048675.1	suspected_type	species_match	OK	Vibrio diabolicus
GCA_049465735.1	Vibrio diabolicus	50719	Vibrio diabolicus	98.05	GCA_001048675.1	suspected_type	species_match	OK	Vibrio diabolicus
GCA_049465815.1	Vibrio diabolicus	50719	Vibrio diabolicus	98.11	GCA_001048675.1	suspected_type	species_match	OK	Vibrio diabolicus
GCA_049465855.1	Vibrio diabolicus	50719	Vibrio diabolicus	98.11	GCA_001048675.1	suspected_type	species_match	OK	Vibrio diabolicus
GCA_049465955.1	Vibrio diabolicus	50719	Vibrio diabolicus	97.96	GCA_001048675.1	suspected_type	species_match	OK	Vibrio diabolicus
GCA_049465975.1	Vibrio diabolicus	50719	Vibrio diabolicus	98.06	GCA_001048675.1	suspected_type	species_match	OK	Vibrio diabolicus
GCA_049466075.1	Vibrio diabolicus	50719	Vibrio diabolicus	97.8	GCA_001048675.1	suspected_type	species_match	OK	Vibrio diabolicus
GCA_049466135.1	Vibrio diabolicus	50719	Vibrio diabolicus	98.07	GCA_001048675.1	suspected_type	species_match	OK	Vibrio diabolicus
GCA_049466185.1	Vibrio diabolicus	50719	Vibrio diabolicus	98.07	GCA_001048675.1	suspected_type	species_match	OK	Vibrio diabolicus
GCA_049466375.1	Vibrio diabolicus	50719	Vibrio diabolicus	97.96	GCA_001048675.1	suspected_type	species_match	OK	Vibrio diabolicus
GCA_049466455.1	Vibrio diabolicus	50719	Vibrio diabolicus	97.89	GCA_001048675.1	suspected_type	species_match	OK	Vibrio diabolicus
GCA_049466475.1	Vibrio diabolicus	50719	Vibrio diabolicus	97.84	GCA_001048675.1	suspected_type	species_match	OK	Vibrio diabolicus
GCA_049466775.1	Vibrio diabolicus	50719	Vibrio diabolicus	97.96	GCA_001048675.1	suspected_type	species_match	OK	Vibrio diabolicus
GCA_049466835.1	Vibrio diabolicus	50719	Vibrio diabolicus	97.86	GCA_001048675.1	suspected_type	species_match	OK	Vibrio diabolicus
GCA_049466935.1	Vibrio diabolicus	50719	Vibrio diabolicus	98.06	GCA_001048675.1	suspected_type	species_match	OK	Vibrio diabolicus
GCA_049466975.1	Vibrio diabolicus	50719	Vibrio diabolicus	97.98	GCA_001048675.1	suspected_type	species_match	OK	Vibrio diabolicus
GCA_049467055.1	Vibrio diabolicus	50719	Vibrio diabolicus	97.83	GCA_001048675.1	suspected_type	species_match	OK	Vibrio diabolicus
GCA_049467075.1	Vibrio diabolicus	50719	Vibrio diabolicus	97.87	GCA_001048675.1	suspected_type	species_match	OK	Vibrio diabolicus
GCA_049467175.1	Vibrio diabolicus	50719	Vibrio diabolicus	97.87	GCA_001048675.1	suspected_type	species_match	OK	Vibrio diabolicus
GCA_050875585.1	Vibrio diabolicus	50719	Vibrio diabolicus	97.97	GCA_001048675.1	suspected_type	species_match	OK	Vibrio diabolicus
GCA_050875605.1	Vibrio diabolicus	50719	Vibrio diabolicus	98.08	GCA_001048675.1	suspected_type	species_match	OK	Vibrio diabolicus
GCA_050875765.1	Vibrio diabolicus	50719	Vibrio diabolicus	97.99	GCA_001048675.1	suspected_type	species_match	OK	Vibrio diabolicus
GCA_050875825.1	Vibrio diabolicus	50719	Vibrio diabolicus	97.89	GCA_001048675.1	suspected_type	species_match	OK	Vibrio diabolicus
GCA_050876145.1	Vibrio diabolicus	50719	Vibrio diabolicus	97.99	GCA_001048675.1	suspected_type	species_match	OK	Vibrio diabolicus
GCA_050876325.1	Vibrio diabolicus	50719	Vibrio diabolicus	97.99	GCA_001048675.1	suspected_type	species_match	OK	Vibrio diabolicus
GCA_050877105.1	Vibrio diabolicus	50719	Vibrio diabolicus	98.02	GCA_001048675.1	suspected_type	species_match	OK	Vibrio diabolicus
GCA_050877125.1	Vibrio diabolicus	50719	Vibrio diabolicus	98.07	GCA_001048675.1	suspected_type	species_match	OK	Vibrio diabolicus
GCA_052037565.1	Vibrio diabolicus	50719	Vibrio diabolicus	97.99	GCA_001048675.1	suspected_type	species_match	OK	Vibrio diabolicus
GCA_052037675.1	Vibrio diabolicus	50719	Vibrio diabolicus	97.01	GCA_001048675.1	suspected_type	species_match	OK	Vibrio diabolicus
GCA_052168155.1	Vibrio diabolicus	50719	Vibrio diabolicus	98.05	GCA_001048675.1	suspected_type	species_match	OK	Vibrio diabolicus
GCA_052227675.1	Vibrio diabolicus	50719	Vibrio diabolicus	98.08	GCA_001048675.1	suspected_type	species_match	OK	Vibrio diabolicus
GCA_052879055.1	Vibrio diabolicus	50719	Vibrio diabolicus	97.98	GCA_001048675.1	suspected_type	species_match	OK	Vibrio diabolicus
GCA_052879275.1	Vibrio diabolicus	50719	Vibrio diabolicus	98.03	GCA_001048675.1	suspected_type	species_match	OK	Vibrio diabolicus
GCA_052879475.1	Vibrio diabolicus	50719	Vibrio diabolicus	97.94	GCA_001048675.1	suspected_type	species_match	OK	Vibrio diabolicus
GCA_053081785.1	Vibrio diabolicus	50719	Vibrio diabolicus	97.92	GCA_001048675.1	suspected_type	species_match	OK	Vibrio diabolicus
GCA_053081825.1	Vibrio diabolicus	50719	Vibrio diabolicus	98.07	GCA_001048675.1	suspected_type	species_match	OK	Vibrio diabolicus
GCA_053081845.1	Vibrio diabolicus	50719	Vibrio diabolicus	98.08	GCA_001048675.1	suspected_type	species_match	OK	Vibrio diabolicus
GCA_053081865.1	Vibrio diabolicus	50719	Vibrio diabolicus	97.82	GCA_001048675.1	suspected_type	species_match	OK	Vibrio diabolicus
GCA_053081885.1	Vibrio diabolicus	50719	Vibrio diabolicus	97.92	GCA_001048675.1	suspected_type	species_match	OK	Vibrio diabolicus
GCA_053081905.1	Vibrio diabolicus	50719	Vibrio diabolicus	98.03	GCA_001048675.1	suspected_type	species_match	OK	Vibrio diabolicus
GCA_053081915.1	Vibrio diabolicus	50719	Vibrio diabolicus	98.09	GCA_001048675.1	suspected_type	species_match	OK	Vibrio diabolicus
GCA_053081945.1	Vibrio diabolicus	50719	Vibrio diabolicus	97.9	GCA_001048675.1	suspected_type	species_match	OK	Vibrio diabolicus
GCA_053081965.1	Vibrio diabolicus	50719	Vibrio diabolicus	97.86	GCA_001048675.1	suspected_type	species_match	OK	Vibrio diabolicus
GCA_053081975.1	Vibrio diabolicus	50719	Vibrio diabolicus	97.86	GCA_001048675.1	suspected_type	species_match	OK	Vibrio diabolicus
GCA_053082005.1	Vibrio diabolicus	50719	Vibrio diabolicus	97.94	GCA_001048675.1	suspected_type	species_match	OK	Vibrio diabolicus
GCA_053082045.1	Vibrio diabolicus	50719	Vibrio diabolicus	97.93	GCA_001048675.1	suspected_type	species_match	OK	Vibrio diabolicus
GCA_053082065.1	Vibrio diabolicus	50719	Vibrio diabolicus	97.87	GCA_001048675.1	suspected_type	species_match	OK	Vibrio diabolicus
GCA_053083205.1	Vibrio diabolicus	50719	Vibrio diabolicus	97.92	GCA_001048675.1	suspected_type	species_match	OK	Vibrio diabolicus
GCA_053083245.1	Vibrio diabolicus	50719	Vibrio diabolicus	97.83	GCA_001048675.1	suspected_type	species_match	OK	Vibrio diabolicus
GCA_053083255.1	Vibrio diabolicus	50719	Vibrio diabolicus	98.08	GCA_001048675.1	suspected_type	species_match	OK	Vibrio diabolicus
GCA_053083285.1	Vibrio diabolicus	50719	Vibrio diabolicus	97.97	GCA_001048675.1	suspected_type	species_match	OK	Vibrio diabolicus
GCA_053083305.1	Vibrio diabolicus	50719	Vibrio diabolicus	97.94	GCA_001048675.1	suspected_type	species_match	OK	Vibrio diabolicus
GCA_053083325.1	Vibrio diabolicus	50719	Vibrio diabolicus	98.01	GCA_001048675.1	suspected_type	species_match	OK	Vibrio diabolicus
GCA_053083445.1	Vibrio diabolicus	50719	Vibrio diabolicus	97.91	GCA_001048675.1	suspected_type	species_match	OK	Vibrio diabolicus
GCA_053083465.1	Vibrio diabolicus	50719	Vibrio diabolicus	97.93	GCA_001048675.1	suspected_type	species_match	OK	Vibrio diabolicus
GCA_053083485.1	Vibrio diabolicus	50719	Vibrio diabolicus	97.92	GCA_001048675.1	suspected_type	species_match	OK	Vibrio diabolicus
GCA_053083505.1	Vibrio diabolicus	50719	Vibrio diabolicus	97.89	GCA_001048675.1	suspected_type	species_match	OK	Vibrio diabolicus
GCA_053083525.1	Vibrio diabolicus	50719	Vibrio diabolicus	97.9	GCA_001048675.1	suspected_type	species_match	OK	Vibrio diabolicus
GCA_053083545.1	Vibrio diabolicus	50719	Vibrio diabolicus	97.9	GCA_001048675.1	suspected_type	species_match	OK	Vibrio diabolicus
GCA_053083565.1	Vibrio diabolicus	50719	Vibrio diabolicus	97.86	GCA_001048675.1	suspected_type	species_match	OK	Vibrio diabolicus
GCA_053083585.1	Vibrio diabolicus	50719	Vibrio diabolicus	98.05	GCA_001048675.1	suspected_type	species_match	OK	Vibrio diabolicus
GCA_053083605.1	Vibrio diabolicus	50719	Vibrio diabolicus	97.96	GCA_001048675.1	suspected_type	species_match	OK	Vibrio diabolicus
GCA_053083625.1	Vibrio diabolicus	50719	Vibrio diabolicus	97.98	GCA_001048675.1	suspected_type	species_match	OK	Vibrio diabolicus
GCA_053083645.1	Vibrio diabolicus	50719	Vibrio diabolicus	97.89	GCA_001048675.1	suspected_type	species_match	OK	Vibrio diabolicus
GCA_053083665.1	Vibrio diabolicus	50719	Vibrio diabolicus	97.86	GCA_001048675.1	suspected_type	species_match	OK	Vibrio diabolicus
GCA_053083685.1	Vibrio diabolicus	50719	Vibrio diabolicus	97.87	GCA_001048675.1	suspected_type	species_match	OK	Vibrio diabolicus
GCA_053083705.1	Vibrio diabolicus	50719	Vibrio diabolicus	97.93	GCA_001048675.1	suspected_type	species_match	OK	Vibrio diabolicus
GCA_053083715.1	Vibrio diabolicus	50719	Vibrio diabolicus	97.89	GCA_001048675.1	suspected_type	species_match	OK	Vibrio diabolicus
GCA_053083745.1	Vibrio diabolicus	50719	Vibrio diabolicus	97.86	GCA_001048675.1	suspected_type	species_match	OK	Vibrio diabolicus
GCA_053083765.1	Vibrio diabolicus	50719	Vibrio diabolicus	97.95	GCA_001048675.1	suspected_type	species_match	OK	Vibrio diabolicus
GCA_053083785.1	Vibrio diabolicus	50719	Vibrio diabolicus	98.11	GCA_001048675.1	suspected_type	species_match	OK	Vibrio diabolicus
GCA_053083815.1	Vibrio diabolicus	50719	Vibrio diabolicus	98.08	GCA_001048675.1	suspected_type	species_match	OK	Vibrio diabolicus
GCA_053084005.1	Vibrio diabolicus	50719	Vibrio diabolicus	97.92	GCA_001048675.1	suspected_type	species_match	OK	Vibrio diabolicus
GCA_053084365.1	Vibrio diabolicus	50719	Vibrio diabolicus	97.89	GCA_001048675.1	suspected_type	species_match	OK	Vibrio diabolicus
GCA_053084385.1	Vibrio diabolicus	50719	Vibrio diabolicus	97.86	GCA_001048675.1	suspected_type	species_match	OK	Vibrio diabolicus
GCA_053084405.1	Vibrio diabolicus	50719	Vibrio diabolicus	97.91	GCA_001048675.1	suspected_type	species_match	OK	Vibrio diabolicus
GCA_053084425.1	Vibrio diabolicus	50719	Vibrio diabolicus	98.12	GCA_001048675.1	suspected_type	species_match	OK	Vibrio diabolicus
GCA_053084435.1	Vibrio diabolicus	50719	Vibrio diabolicus	97.91	GCA_001048675.1	suspected_type	species_match	OK	Vibrio diabolicus
GCA_053084465.1	Vibrio diabolicus	50719	Vibrio diabolicus	98.05	GCA_001048675.1	suspected_type	species_match	OK	Vibrio diabolicus
GCA_053084485.1	Vibrio diabolicus	50719	Vibrio diabolicus	97.89	GCA_001048675.1	suspected_type	species_match	OK	Vibrio diabolicus
GCA_053084505.1	Vibrio diabolicus	50719	Vibrio diabolicus	97.87	GCA_001048675.1	suspected_type	species_match	OK	Vibrio diabolicus
GCA_053084625.1	Vibrio diabolicus	50719	Vibrio diabolicus	97.89	GCA_001048675.1	suspected_type	species_match	OK	Vibrio diabolicus
GCA_053348535.1	Vibrio diabolicus	50719	Vibrio diabolicus	98.02	GCA_001048675.1	suspected_type	species_match	OK	Vibrio diabolicus
GCA_053348555.1	Vibrio diabolicus	50719	Vibrio diabolicus	97.99	GCA_001048675.1	suspected_type	species_match	OK	Vibrio diabolicus
GCA_053348575.1	Vibrio diabolicus	50719	Vibrio diabolicus	98.04	GCA_001048675.1	suspected_type	species_match	OK	Vibrio diabolicus
GCA_053348615.1	Vibrio diabolicus	50719	Vibrio diabolicus	98.05	GCA_001048675.1	suspected_type	species_match	OK	Vibrio diabolicus
GCA_054111865.1	Vibrio diabolicus	50719	Vibrio diabolicus	97.94	GCA_001048675.1	suspected_type	species_match	OK	Vibrio diabolicus
GCA_055532125.1	Vibrio diabolicus	50719	Vibrio diabolicus	98.03	GCA_001048675.1	suspected_type	species_match	OK	Vibrio diabolicus
GCA_056531025.1	Vibrio diabolicus	50719	Vibrio diabolicus	98.11	GCA_001048675.1	suspected_type	species_match	OK	Vibrio diabolicus
GCA_056953905.1	Vibrio diabolicus	50719	Vibrio diabolicus	97.92	GCA_001048675.1	suspected_type	species_match	OK	Vibrio diabolicus
GCA_056953985.1	Vibrio diabolicus	50719	Vibrio diabolicus	97.93	GCA_001048675.1	suspected_type	species_match	OK	Vibrio diabolicus
GCA_056954005.1	Vibrio diabolicus	50719	Vibrio diabolicus	97.86	GCA_001048675.1	suspected_type	species_match	OK	Vibrio diabolicus
GCA_056954085.1	Vibrio diabolicus	50719	Vibrio diabolicus	97.97	GCA_001048675.1	suspected_type	species_match	OK	Vibrio diabolicus
GCA_056954125.1	Vibrio diabolicus	50719	Vibrio diabolicus	98	GCA_001048675.1	suspected_type	species_match	OK	Vibrio diabolicus
GCA_057431405.1	Vibrio diabolicus	50719	Vibrio diabolicus	98.1	GCA_001048675.1	suspected_type	species_match	OK	Vibrio diabolicus
GCA_057434045.1	Vibrio diabolicus	50719	Vibrio diabolicus	98.11	GCA_001048675.1	suspected_type	species_match	OK	Vibrio diabolicus
GCA_057434095.1	Vibrio diabolicus	50719	Vibrio diabolicus	98.07	GCA_001048675.1	suspected_type	species_match	OK	Vibrio diabolicus
GCA_057798455.1	Vibrio diabolicus	50719	Vibrio diabolicus	98.08	GCA_001048675.1	suspected_type	species_match	OK	Vibrio diabolicus
GCA_057798535.1	Vibrio diabolicus	50719	Vibrio diabolicus	98.06	GCA_001048675.1	suspected_type	species_match	OK	Vibrio diabolicus
GCA_057798575.1	Vibrio diabolicus	50719	Vibrio diabolicus	98.07	GCA_001048675.1	suspected_type	species_match	OK	Vibrio diabolicus
GCA_057798635.1	Vibrio diabolicus	50719	Vibrio diabolicus	98.05	GCA_001048675.1	suspected_type	species_match	OK	Vibrio diabolicus
GCA_057798655.1	Vibrio diabolicus	50719	Vibrio diabolicus	98.05	GCA_001048675.1	suspected_type	species_match	OK	Vibrio diabolicus
GCA_057798795.1	Vibrio diabolicus	50719	Vibrio diabolicus	97.99	GCA_001048675.1	suspected_type	species_match	OK	Vibrio diabolicus
GCA_058037045.1	Vibrio diabolicus	50719	Vibrio diabolicus	97.2	GCA_001048675.1	suspected_type	species_match	OK	Vibrio diabolicus
GCA_058148205.1	Vibrio diabolicus	50719	Vibrio diabolicus	98.06	GCA_001048675.1	suspected_type	species_match	OK	Vibrio diabolicus
GCA_058148245.1	Vibrio diabolicus	50719	Vibrio diabolicus	98.06	GCA_001048675.1	suspected_type	species_match	OK	Vibrio diabolicus
GCA_058148265.1	Vibrio diabolicus	50719	Vibrio diabolicus	98.09	GCA_001048675.1	suspected_type	species_match	OK	Vibrio diabolicus
GCA_058148365.1	Vibrio diabolicus	50719	Vibrio diabolicus	98.05	GCA_001048675.1	suspected_type	species_match	OK	Vibrio diabolicus
GCA_903986725.1	Vibrio diabolicus	50719	Vibrio diabolicus	98.04	GCA_001048675.1	suspected_type	species_match	OK	Vibrio diabolicus
GCA_903986945.1	Vibrio diabolicus	50719	Vibrio diabolicus	98.02	GCA_001048675.1	suspected_type	species_match	OK	Vibrio diabolicus
GCA_903986995.1	Vibrio diabolicus	50719	Vibrio diabolicus	97.94	GCA_001048675.1	suspected_type	species_match	OK	Vibrio diabolicus
GCA_913062945.1	Vibrio diabolicus	50719	Vibrio diabolicus	98.02	GCA_001048675.1	suspected_type	species_match	OK	Vibrio diabolicus
GCA_937928365.1	Vibrio diabolicus	50719	Vibrio diabolicus	97.98	GCA_001048675.1	suspected_type	species_match	OK	Vibrio diabolicus
GCA_947492095.1	Vibrio diabolicus	50719	Vibrio diabolicus	98	GCA_001048675.1	suspected_type	species_match	OK	Vibrio diabolicus
GCA_947497575.1	Vibrio diabolicus	50719	Vibrio diabolicus	97.99	GCA_001048675.1	suspected_type	species_match	OK	Vibrio diabolicus
GCA_947497845.1	Vibrio diabolicus	50719	Vibrio diabolicus	97.95	GCA_001048675.1	suspected_type	species_match	OK	Vibrio diabolicus
GCA_947497995.1	Vibrio diabolicus	50719	Vibrio diabolicus	97.91	GCA_001048675.1	suspected_type	species_match	OK	Vibrio diabolicus
GCA_947498945.1	Vibrio diabolicus	50719	Vibrio diabolicus	98	GCA_001048675.1	suspected_type	species_match	OK	Vibrio diabolicus
GCA_947501345.1	Vibrio diabolicus	50719	Vibrio diabolicus	98	GCA_001048675.1	suspected_type	species_match	OK	Vibrio diabolicus
GCA_947503745.1	Vibrio diabolicus	50719	Vibrio diabolicus	97.97	GCA_001048675.1	suspected_type	species_match	OK	Vibrio diabolicus
GCA_977507535.1	Vibrio diabolicus	50719	Vibrio diabolicus	97.86	GCA_001048675.1	suspected_type	species_match	OK	Vibrio diabolicus
GCA_977650625.1	Vibrio diabolicus	50719	Vibrio diabolicus	97.97	GCA_001048675.1	suspected_type	species_match	OK	Vibrio diabolicus
GCA_977650765.1	Vibrio diabolicus	50719	Vibrio diabolicus	97.82	GCA_001048675.1	suspected_type	species_match	OK	Vibrio diabolicus
GCA_982933995.1	Vibrio diabolicus	50719	Vibrio diabolicus	97.32	GCA_001048675.1	suspected_type	species_match	OK	Vibrio diabolicus
GCF_000341445.1	Vibrio diabolicus E0666	1231058	Vibrio diabolicus	97.8	GCA_001048675.1	suspected_type	species_match	OK	Vibrio diabolicus E0666
GCA_000341445.1	Vibrio diabolicus E0666	1231058	Vibrio diabolicus	97.8	GCA_001048675.1	suspected_type	species_match	OK	Vibrio diabolicus E0666
GCF_001280625.1	Vibrio parahaemolyticus	670	Vibrio chemaguriensis	97.95	GCA_012275705.1	suspected_type	mismatch	Failed	Vibrio parahaemolyticus
GCF_003337295.1	Vibrio parahaemolyticus	670	Vibrio chemaguriensis	98.09	GCA_012275705.1	suspected_type	mismatch	Failed	Vibrio parahaemolyticus
GCA_001280625.1	Vibrio parahaemolyticus	670	Vibrio chemaguriensis	97.95	GCA_012275705.1	suspected_type	mismatch	Failed	Vibrio parahaemolyticus
GCA_003337295.1	Vibrio parahaemolyticus	670	Vibrio chemaguriensis	98.09	GCA_012275705.1	suspected_type	mismatch	Failed	Vibrio parahaemolyticus
GCF_013048515.1	Vibrio sp. 1-2 (7-a)	2591010	Vibrio diabolicus	97.98	GCA_001048675.1	suspected_type	genus_match	OK	Vibrio sp. 1-2 (7-a)
GCA_013048515.1	Vibrio sp. 1-2 (7-a)	2591010	Vibrio diabolicus	97.98	GCA_001048675.1	suspected_type	genus_match	OK	Vibrio sp. 1-2 (7-a)
GCF_032648545.1	Vibrio sp. 1-2-3a	2650943	Vibrio chemaguriensis	98.14	GCA_012275705.1	suspected_type	genus_match	OK	Vibrio sp. 1-2-3a
GCA_032648545.1	Vibrio sp. 1-2-3a	2650943	Vibrio chemaguriensis	98.14	GCA_012275705.1	suspected_type	genus_match	OK	Vibrio sp. 1-2-3a
GCF_013048625.1	Vibrio sp. 11-4(1)	2591018	Vibrio diabolicus	97.96	GCA_001048675.1	suspected_type	genus_match	OK	Vibrio sp. 11-4(1)
GCA_013048625.1	Vibrio sp. 11-4(1)	2591018	Vibrio diabolicus	97.96	GCA_001048675.1	suspected_type	genus_match	OK	Vibrio sp. 11-4(1)
GCF_023161645.1	Vibrio sp. 1CM7H	2929168	Vibrio diabolicus	98.07	GCA_001048675.1	suspected_type	genus_match	OK	Vibrio sp. 1CM7H
GCA_023161645.1	Vibrio sp. 1CM7H	2929168	Vibrio diabolicus	98.07	GCA_001048675.1	suspected_type	genus_match	OK	Vibrio sp. 1CM7H
GCF_032648565.1	Vibrio sp. 2-1-2a	2650944	Vibrio chemaguriensis	98.14	GCA_012275705.1	suspected_type	genus_match	OK	Vibrio sp. 2-1-2a
GCA_032648565.1	Vibrio sp. 2-1-2a	2650944	Vibrio chemaguriensis	98.14	GCA_012275705.1	suspected_type	genus_match	OK	Vibrio sp. 2-1-2a
GCF_021728175.1	Vibrio sp. A1-1	2912250	Vibrio chemaguriensis	98.11	GCA_012275705.1	suspected_type	genus_match	OK	Vibrio sp. A1-1
GCA_021728175.1	Vibrio sp. A1-1	2912250	Vibrio chemaguriensis	98.11	GCA_012275705.1	suspected_type	genus_match	OK	Vibrio sp. A1-1
GCF_002105475.1	Vibrio sp. ArtGut-C1	2259137	Vibrio diabolicus	98.04	GCA_001048675.1	suspected_type	genus_match	OK	Vibrio sp. ArtGut-C1
GCA_002105475.1	Vibrio sp. ArtGut-C1	2259137	Vibrio diabolicus	98.04	GCA_001048675.1	suspected_type	genus_match	OK	Vibrio sp. ArtGut-C1
GCF_022808245.1	Vibrio sp. CCB-PB317	2929171	Vibrio diabolicus	98.07	GCA_001048675.1	suspected_type	genus_match	OK	Vibrio sp. CCB-PB317
GCA_022808245.1	Vibrio sp. CCB-PB317	2929171	Vibrio diabolicus	98.07	GCA_001048675.1	suspected_type	genus_match	OK	Vibrio sp. CCB-PB317
GCF_043995865.1	Vibrio sp. D3	3374281	Vibrio diabolicus	97.97	GCA_001048675.1	suspected_type	genus_match	OK	Vibrio sp. D3
GCA_043995865.1	Vibrio sp. D3	3374281	Vibrio diabolicus	97.97	GCA_001048675.1	suspected_type	genus_match	OK	Vibrio sp. D3
GCF_020515785.1	Vibrio sp. E14	2849869	Vibrio chemaguriensis	98.04	GCA_012275705.1	suspected_type	genus_match	OK	Vibrio sp. E14
GCA_020515785.1	Vibrio sp. E14	2849869	Vibrio chemaguriensis	98.04	GCA_012275705.1	suspected_type	genus_match	OK	Vibrio sp. E14
GCF_002563795.1	Vibrio sp. ES.051	1761909	Vibrio antiquarius	85.41	GCA_000024825.1	suspected_type	genus_match	OK	Vibrio sp. ES.051
GCA_002563795.1	Vibrio sp. ES.051	1761909	Vibrio antiquarius	85.41	GCA_000024825.1	suspected_type	genus_match	OK	Vibrio sp. ES.051
GCF_024747315.1	Vibrio sp. HS-50-1	2945079	Vibrio chemaguriensis	97.89	GCA_012275705.1	suspected_type	genus_match	OK	Vibrio sp. HS-50-1
GCA_024747315.1	Vibrio sp. HS-50-1	2945079	Vibrio chemaguriensis	97.89	GCA_012275705.1	suspected_type	genus_match	OK	Vibrio sp. HS-50-1
GCF_021725735.1	Vibrio sp. J2-3(2022)	2912261	Vibrio chemaguriensis	98.15	GCA_012275705.1	suspected_type	genus_match	OK	Vibrio sp. J2-3(2022)
GCA_021725735.1	Vibrio sp. J2-3(2022)	2912261	Vibrio chemaguriensis	98.15	GCA_012275705.1	suspected_type	genus_match	OK	Vibrio sp. J2-3(2022)
GCF_021728155.1	Vibrio sp. J2-4	1507977	Vibrio diabolicus	98	GCA_001048675.1	suspected_type	genus_match	OK	Vibrio sp. J2-4
GCA_021728155.1	Vibrio sp. J2-4	1507977	Vibrio diabolicus	98	GCA_001048675.1	suspected_type	genus_match	OK	Vibrio sp. J2-4
GCF_001315205.1	Vibrio sp. JCM 18905	1298600	Vibrio diabolicus	97.73	GCA_001048675.1	suspected_type	genus_match	OK	Vibrio sp. JCM 18905
GCF_055393305.1	Vibrio sp. JCM 18905	1298600	Vibrio diabolicus	98.05	GCA_001048675.1	suspected_type	genus_match	OK	Vibrio sp. JCM 18905
GCA_000695055.1	Vibrio sp. JCM 18905	1298600	Vibrio diabolicus	97.73	GCA_001048675.1	suspected_type	genus_match	OK	Vibrio sp. JCM 18905
GCA_001315205.1	Vibrio sp. JCM 18905	1298600	Vibrio diabolicus	97.73	GCA_001048675.1	suspected_type	genus_match	OK	Vibrio sp. JCM 18905
GCA_055393305.1	Vibrio sp. JCM 18905	1298600	Vibrio diabolicus	98.05	GCA_001048675.1	suspected_type	genus_match	OK	Vibrio sp. JCM 18905
GCF_054064075.1	Vibrio sp. JZG10	3476219	Vibrio diabolicus	97.96	GCA_001048675.1	suspected_type	genus_match	OK	Vibrio sp. JZG10
GCA_054064075.1	Vibrio sp. JZG10	3476219	Vibrio diabolicus	97.96	GCA_001048675.1	suspected_type	genus_match	OK	Vibrio sp. JZG10
GCF_053890955.1	Vibrio sp. JZG120	3473456	Vibrio chemaguriensis	98.11	GCA_012275705.1	suspected_type	genus_match	OK	Vibrio sp. JZG120
GCA_053890955.1	Vibrio sp. JZG120	3473456	Vibrio chemaguriensis	98.11	GCA_012275705.1	suspected_type	genus_match	OK	Vibrio sp. JZG120
GCF_037162085.1	Vibrio sp. M60_M70	3035166	Vibrio diabolicus	98.02	GCA_001048675.1	suspected_type	genus_match	OK	Vibrio sp. M60_M70
GCA_037162085.1	Vibrio sp. M60_M70	3035166	Vibrio diabolicus	98.02	GCA_001048675.1	suspected_type	genus_match	OK	Vibrio sp. M60_M70
GCF_024744435.1	Vibrio sp. RM-41-2A	2950154	Vibrio chemaguriensis	97.95	GCA_012275705.1	suspected_type	genus_match	OK	Vibrio sp. RM-41-2A
GCA_024744435.1	Vibrio sp. RM-41-2A	2950154	Vibrio chemaguriensis	97.95	GCA_012275705.1	suspected_type	genus_match	OK	Vibrio sp. RM-41-2A
GCF_024744415.1	Vibrio sp. RM-41-2B	2950155	Vibrio chemaguriensis	97.95	GCA_012275705.1	suspected_type	genus_match	OK	Vibrio sp. RM-41-2B
GCA_024744415.1	Vibrio sp. RM-41-2B	2950155	Vibrio chemaguriensis	97.95	GCA_012275705.1	suspected_type	genus_match	OK	Vibrio sp. RM-41-2B
GCF_024744335.1	Vibrio sp. RM-44-3	2950156	Vibrio chemaguriensis	97.95	GCA_012275705.1	suspected_type	genus_match	OK	Vibrio sp. RM-44-3
GCA_024744335.1	Vibrio sp. RM-44-3	2950156	Vibrio chemaguriensis	97.95	GCA_012275705.1	suspected_type	genus_match	OK	Vibrio sp. RM-44-3
GCF_051132235.1	Vibrio sp. SCSIO 43086	2822845	Vibrio chemaguriensis	97.99	GCA_012275705.1	suspected_type	genus_match	OK	Vibrio sp. SCSIO 43086
GCA_051132235.1	Vibrio sp. SCSIO 43086	2822845	Vibrio chemaguriensis	97.99	GCA_012275705.1	suspected_type	genus_match	OK	Vibrio sp. SCSIO 43086
GCF_026000495.1	Vibrio sp. STUT-A16	2976237	Vibrio chemaguriensis	97.94	GCA_012275705.1	suspected_type	genus_match	OK	Vibrio sp. STUT-A16
GCA_026000495.1	Vibrio sp. STUT-A16	2976237	Vibrio chemaguriensis	97.94	GCA_012275705.1	suspected_type	genus_match	OK	Vibrio sp. STUT-A16
GCF_032970445.1	Vibrio sp. T13N	3080011	Vibrio chemaguriensis	98.13	GCA_012275705.1	suspected_type	genus_match	OK	Vibrio sp. T13N
GCA_032970445.1	Vibrio sp. T13N	3080011	Vibrio chemaguriensis	98.13	GCA_012275705.1	suspected_type	genus_match	OK	Vibrio sp. T13N
GCF_003123985.1	Vibrio sp. T9	2007196	Vibrio chemaguriensis	98.14	GCA_012275705.1	suspected_type	genus_match	OK	Vibrio sp. T9
GCA_003123985.1	Vibrio sp. T9	2007196	Vibrio chemaguriensis	98.14	GCA_012275705.1	suspected_type	genus_match	OK	Vibrio sp. T9
GCF_057784735.1	Vibrio sp. TAP-3B	3711197	Vibrio antiquarius	85.47	GCA_000024825.1	suspected_type	genus_match	OK	Vibrio sp. TAP-3B
GCA_057784735.1	Vibrio sp. TAP-3B	3711197	Vibrio antiquarius	85.47	GCA_000024825.1	suspected_type	genus_match	OK	Vibrio sp. TAP-3B
GCF_009904725.1	Vibrio sp. V43_P6S15P86	1938694	Vibrio chemaguriensis	97.33	GCA_012275705.1	suspected_type	genus_match	OK	Vibrio sp. V43_P6S15P86
GCA_009904725.1	Vibrio sp. V43_P6S15P86	1938694	Vibrio chemaguriensis	97.33	GCA_012275705.1	suspected_type	genus_match	OK	Vibrio sp. V43_P6S15P86
GCF_009361695.1	Vibrio sp. VGrn 2	2419839	Vibrio diabolicus	98.03	GCA_001048675.1	suspected_type	genus_match	OK	Vibrio sp. VGrn 2
GCA_009361695.1	Vibrio sp. VGrn 2	2419839	Vibrio diabolicus	98.03	GCA_001048675.1	suspected_type	genus_match	OK	Vibrio sp. VGrn 2
GCF_024181795.1	Vibrio sp. Y10_XG_PY6	2957766	Vibrio diabolicus	97.94	GCA_001048675.1	suspected_type	genus_match	OK	Vibrio sp. Y10_XG_PY6
GCA_024181795.1	Vibrio sp. Y10_XG_PY6	2957766	Vibrio diabolicus	97.94	GCA_001048675.1	suspected_type	genus_match	OK	Vibrio sp. Y10_XG_PY6
GCF_024181905.1	Vibrio sp. Y28_XK_CS4	2957767	Vibrio diabolicus	97.94	GCA_001048675.1	suspected_type	genus_match	OK	Vibrio sp. Y28_XK_CS4
GCA_024181905.1	Vibrio sp. Y28_XK_CS4	2957767	Vibrio diabolicus	97.94	GCA_001048675.1	suspected_type	genus_match	OK	Vibrio sp. Y28_XK_CS4
GCF_024181785.1	Vibrio sp. Y42_MX_L11	2957765	Vibrio diabolicus	97.9	GCA_001048675.1	suspected_type	genus_match	OK	Vibrio sp. Y42_MX_L11
GCA_024181785.1	Vibrio sp. Y42_MX_L11	2957765	Vibrio diabolicus	97.9	GCA_001048675.1	suspected_type	genus_match	OK	Vibrio sp. Y42_MX_L11
GCF_024181935.1	Vibrio sp. Y51_MX_L26	2957768	Vibrio diabolicus	97.96	GCA_001048675.1	suspected_type	genus_match	OK	Vibrio sp. Y51_MX_L26
GCA_024181935.1	Vibrio sp. Y51_MX_L26	2957768	Vibrio diabolicus	97.96	GCA_001048675.1	suspected_type	genus_match	OK	Vibrio sp. Y51_MX_L26
GCF_024181825.1	Vibrio sp. Y53_MX_L15	2957764	Vibrio diabolicus	97.98	GCA_001048675.1	suspected_type	genus_match	OK	Vibrio sp. Y53_MX_L15
GCA_024181825.1	Vibrio sp. Y53_MX_L15	2957764	Vibrio diabolicus	97.98	GCA_001048675.1	suspected_type	genus_match	OK	Vibrio sp. Y53_MX_L15
